-- phpMyAdmin SQL Dump
-- version 4.9.0.1
-- https://www.phpmyadmin.net/
--
-- Host: 127.0.0.1
-- Waktu pembuatan: 23 Sep 2019 pada 01.21
-- Versi server: 10.4.6-MariaDB
-- Versi PHP: 7.3.9

SET SQL_MODE = "NO_AUTO_VALUE_ON_ZERO";
SET AUTOCOMMIT = 0;
START TRANSACTION;
SET time_zone = "+00:00";


/*!40101 SET @OLD_CHARACTER_SET_CLIENT=@@CHARACTER_SET_CLIENT */;
/*!40101 SET @OLD_CHARACTER_SET_RESULTS=@@CHARACTER_SET_RESULTS */;
/*!40101 SET @OLD_COLLATION_CONNECTION=@@COLLATION_CONNECTION */;
/*!40101 SET NAMES utf8mb4 */;

--
-- Database: `asikinon_ptpn2`
--

-- --------------------------------------------------------

--
-- Struktur dari tabel `mirrormx_customer_chat_message`
--

CREATE TABLE `mirrormx_customer_chat_message` (
  `id` bigint(20) NOT NULL,
  `from_id` bigint(20) NOT NULL,
  `to_id` bigint(20) NOT NULL,
  `body` text NOT NULL,
  `datetime` timestamp NOT NULL DEFAULT current_timestamp(),
  `talk_id` bigint(20) NOT NULL,
  `is_new` char(1) NOT NULL DEFAULT 'y',
  `from_user_info` text NOT NULL,
  `to_user_info` text NOT NULL
) ENGINE=InnoDB DEFAULT CHARSET=utf8;
-- Kesalahan membaca data untuk tabel asikinon_ptpn2.mirrormx_customer_chat_message: #1064 - You have an error in your SQL syntax; check the manual that corresponds to your MariaDB server version for the right syntax to use near 'FROM `asikinon_ptpn2`.`mirrormx_customer_chat_message`' at line 1

-- --------------------------------------------------------

--
-- Struktur dari tabel `mirrormx_customer_chat_user`
--

CREATE TABLE `mirrormx_customer_chat_user` (
  `id` bigint(20) NOT NULL,
  `name` char(32) NOT NULL,
  `mail` char(64) NOT NULL,
  `password` char(255) NOT NULL,
  `image` char(128) DEFAULT NULL,
  `info` text DEFAULT NULL,
  `roles` char(128) DEFAULT NULL,
  `last_activity` timestamp NOT NULL DEFAULT '0000-00-00 00:00:00'
) ENGINE=InnoDB DEFAULT CHARSET=utf8;

--
-- Dumping data untuk tabel `mirrormx_customer_chat_user`
--

INSERT INTO `mirrormx_customer_chat_user` (`id`, `name`, `mail`, `password`, `image`, `info`, `roles`, `last_activity`) VALUES
(20, 'Rangga Satya Tarigan', 'admin@uma.ac.id', 'e9500a09108c64b3f4dbff7022b5e448cbf3e0c3', NULL, NULL, 'OPERATOR', '2019-09-07 00:14:01'),
(21, 'imam-1567360349', 'imam@uma.ac.id', 'x', '/livechats/upload/default-avatars/a.png', '{\"ip\":\"114.125.57.215\",\"referer\":\"https:\\/\\/ptpn2.asikinonlineaja.com\\/Authadmin\"}', 'GUEST', '2019-09-01 11:25:27'),
(22, 'bebeb-1567360500', 'bebeb@gmail.com', 'x', '/livechats/upload/default-avatars/a.png', '{\"ip\":\"114.125.57.215\",\"referer\":\"https:\\/\\/ptpn2.asikinonlineaja.com\\/\"}', 'GUEST', '2019-09-01 11:06:17'),
(23, 'bobi-1567362361', 'bobi@gmail.com', 'x', '/livechats/upload/default-avatars/a.png', '{\"ip\":\"114.125.57.215\",\"referer\":\"https:\\/\\/ptpn2.asikinonlineaja.com\\/Authadmin\"}', 'GUEST', '2019-09-01 11:31:33'),
(24, 'imam-1567840266', 'imam@uma.ac.id', 'x', '/livechats/upload/default-avatars/a.png', '{\"ip\":\"116.206.31.48\",\"referer\":\"https:\\/\\/ptpn2.asikinonlineaja.com\\/Authadmin\"}', 'GUEST', '2019-09-07 00:24:59'),
(25, 'edy-1567840388', 'edysyahputra@gmail.com', 'x', '/livechats/upload/default-avatars/a.png', '{\"ip\":\"114.125.4.122\",\"referer\":\"https:\\/\\/ptpn2.asikinonlineaja.com\\/Authadmin\"}', 'GUEST', '2019-09-07 00:24:35');

-- --------------------------------------------------------

--
-- Struktur dari tabel `tbl_absen`
--

CREATE TABLE `tbl_absen` (
  `id` int(11) NOT NULL,
  `id_mandor` varchar(222) NOT NULL,
  `id_absen` varchar(222) NOT NULL,
  `kehadiran` enum('H','S','I','C','-') NOT NULL,
  `tanggal` date NOT NULL,
  `jam` varchar(222) NOT NULL,
  `creat_att` timestamp NOT NULL DEFAULT current_timestamp() ON UPDATE current_timestamp()
) ENGINE=InnoDB DEFAULT CHARSET=latin1;

--
-- Dumping data untuk tabel `tbl_absen`
--

INSERT INTO `tbl_absen` (`id`, `id_mandor`, `id_absen`, `kehadiran`, `tanggal`, `jam`, `creat_att`) VALUES
(2, '28069', 'PTPN-II-0016', 'H', '2019-07-25', '20:07:19', '2019-09-08 16:55:47'),
(3, '28069', 'PTPN-II-0016', 'H', '2019-07-25', '20:11:33', '2019-09-08 16:55:47'),
(4, '28069', 'PTPN-II-0017', 'H', '2019-07-25', '20:17:22', '2019-09-08 16:55:47'),
(5, '28069', 'PTPN-II-0017', 'H', '2019-07-25', '20:20:18', '2019-09-08 16:55:47'),
(6, '28069', 'PTPN-II-0016', 'H', '2019-07-25', '20:20:48', '2019-09-08 16:55:47'),
(7, '28069', 'PTPN-II-0017', 'H', '2019-07-25', '20:25:16', '2019-09-08 16:55:47'),
(8, '28069', 'PTPN-II-0016', 'H', '2019-07-26', '09:43:20', '2019-09-08 16:55:47'),
(9, '28069', 'PTPN-II-0016', 'H', '2019-07-26', '10:49:40', '2019-09-08 16:55:47'),
(10, '28069', 'PTPN-II-0017', 'H', '2019-07-26', '10:50:21', '2019-09-08 16:55:47'),
(11, '28069', 'PTPN-II-0027', 'H', '2019-08-01', '06:57:20', '2019-09-08 16:55:47'),
(12, '28069', 'PTPN-II-0030', 'H', '2019-08-01', '06:58:22', '2019-09-08 16:55:47'),
(13, '28069', 'PTPN-II-0029', 'H', '2019-08-01', '06:58:33', '2019-09-08 16:55:47'),
(14, '28069', 'PTPN-II-0020', 'H', '2019-08-01', '06:58:40', '2019-09-08 16:55:47'),
(15, '28069', 'PTPN-II-0039', 'H', '2019-08-01', '06:58:46', '2019-09-08 16:55:47'),
(16, '28069', 'PTPN-II-0G39', 'H', '2019-08-01', '06:58:52', '2019-09-08 16:55:47'),
(17, '28069', 'PTPN-II-0026', 'H', '2019-08-01', '06:58:56', '2019-09-08 16:55:47'),
(18, '28069', 'PTPN-II-0026', 'H', '2019-08-01', '06:59:01', '2019-09-08 16:55:47'),
(19, '28069', 'PTPN-II-0034', 'H', '2019-08-01', '06:59:10', '2019-09-08 16:55:47'),
(20, '28069', 'PTPN-II-0040', 'H', '2019-08-01', '06:59:17', '2019-09-08 16:55:47'),
(21, '28069', 'PTPN-II-0024', 'H', '2019-08-01', '06:59:27', '2019-09-08 16:55:47'),
(22, '28069', 'PTPN-II-0028', 'H', '2019-08-01', '06:59:39', '2019-09-08 16:55:47'),
(23, '28069', 'PTPN-II-0032', 'H', '2019-08-01', '06:59:49', '2019-09-08 16:55:47'),
(24, '28069', 'PTPN-II-0041', 'H', '2019-08-01', '06:59:59', '2019-09-08 16:55:47'),
(25, '28069', 'PTPN-II-0035', 'H', '2019-08-01', '07:00:10', '2019-09-08 16:55:47'),
(26, '28069', 'PTPN-II-0037', 'H', '2019-08-01', '07:00:21', '2019-09-08 16:55:47'),
(27, '28069', 'PTPN-II-0033', 'H', '2019-08-01', '07:00:28', '2019-09-08 16:55:47'),
(28, '28069', 'PTPN-II-0033', 'H', '2019-08-01', '07:01:00', '2019-09-08 16:55:47'),
(29, '28069', 'PTPN-II-0023', 'H', '2019-08-01', '07:01:15', '2019-09-08 16:55:47'),
(30, '28069', 'PTPN-II-0021', 'H', '2019-08-01', '07:01:25', '2019-09-08 16:55:47'),
(31, '28069', 'PTPN-II-0025', 'H', '2019-08-01', '07:01:37', '2019-09-08 16:55:47'),
(32, '28069', 'PTPN-II-0022', 'H', '2019-08-01', '07:01:46', '2019-09-08 16:55:47'),
(33, '28069', 'PTPN-II-0036', 'H', '2019-08-01', '07:01:58', '2019-09-08 16:55:47'),
(34, '28069', 'PTPN-II-0042', 'H', '2019-08-01', '07:02:33', '2019-09-08 16:55:47'),
(35, '28069', 'PTPN-II-0031', 'H', '2019-08-01', '07:05:48', '2019-09-08 16:55:47'),
(36, '28069', 'PTPN-II-0038', 'H', '2019-08-01', '07:27:18', '2019-09-08 16:55:47'),
(37, '28069', 'PTPN-II-0038', 'H', '2019-08-01', '07:28:51', '2019-09-08 16:55:47'),
(38, '28069', 'PTPN-II-0038', 'H', '2019-08-01', '07:29:12', '2019-09-08 16:55:47'),
(39, '28069', 'PTPN-II-0038', 'H', '2019-08-01', '07:32:43', '2019-09-08 16:55:47'),
(40, '28069', 'PTPN-II-0038', 'H', '2019-08-01', '08:11:08', '2019-09-08 16:55:47'),
(41, '28069', 'PTPN-II-0038', 'H', '2019-08-01', '20:10:07', '2019-09-08 16:55:47'),
(42, '28069', ' Bro...', 'H', '2019-08-01', '20:11:20', '2019-09-08 16:55:47'),
(43, '28069', ' Bro...', 'H', '2019-08-02', '06:16:21', '2019-09-08 16:55:47'),
(44, '28069', 'PTPN-II-0025', 'H', '2019-08-02', '06:48:42', '2019-09-08 16:55:47'),
(45, '28069', 'PTPN-II-0027', 'H', '2019-08-02', '06:50:03', '2019-09-08 16:55:47'),
(46, '28069', 'PTPN-II-0026', 'H', '2019-08-02', '06:50:15', '2019-09-08 16:55:47'),
(47, '28069', 'PTPN-II-0030', 'H', '2019-08-02', '06:50:34', '2019-09-08 16:55:47'),
(48, '28069', 'PTPN-II-0034', 'H', '2019-08-02', '06:50:57', '2019-09-08 16:55:47'),
(49, '28069', 'PTPN-II-0032', 'H', '2019-08-02', '06:51:07', '2019-09-08 16:55:47'),
(50, '28069', 'PTPN-II-0035', 'H', '2019-08-02', '06:51:19', '2019-09-08 16:55:47'),
(51, '28069', 'PTPN-II-0029', 'H', '2019-08-02', '06:51:35', '2019-09-08 16:55:47'),
(52, '28069', 'PTPN-II-0023', 'H', '2019-08-02', '06:51:45', '2019-09-08 16:55:47'),
(53, '28069', 'PTPN-II-0037', 'H', '2019-08-02', '06:51:56', '2019-09-08 16:55:47'),
(54, '28069', 'PTPN-II-0033', 'H', '2019-08-02', '06:52:11', '2019-09-08 16:55:47'),
(55, '28069', 'PTPN-II-0036', 'H', '2019-08-02', '06:52:23', '2019-09-08 16:55:47'),
(56, '28069', 'PTPN-II-0022', 'H', '2019-08-02', '06:52:50', '2019-09-08 16:55:47'),
(57, '28069', 'PTPN-II-0039', 'H', '2019-08-02', '06:53:05', '2019-09-08 16:55:47'),
(58, '28069', 'PTPN-II-0038', 'H', '2019-08-02', '06:53:40', '2019-09-08 16:55:47'),
(59, '28069', 'PTPN-II-0040', 'H', '2019-08-02', '07:06:16', '2019-09-08 16:55:47'),
(60, '28069', 'PTPN-II-0041', 'H', '2019-08-02', '07:06:29', '2019-09-08 16:55:47'),
(61, '28069', 'PTPN-II-0028', 'H', '2019-08-02', '07:07:35', '2019-09-08 16:55:47'),
(62, '28069', 'PTPN-II-0020', 'H', '2019-08-02', '07:08:24', '2019-09-08 16:55:47'),
(63, '28069', 'PTPN-II-0031', 'H', '2019-08-02', '07:11:21', '2019-09-08 16:55:47'),
(64, '28069', 'PTPN-II-0042', 'H', '2019-08-02', '07:11:54', '2019-09-08 16:55:47'),
(65, '28069', 'PTPN-II-0032', 'H', '2019-08-03', '06:42:10', '2019-09-08 16:55:47'),
(66, '28069', 'PTPN-II-0024', 'H', '2019-08-03', '06:42:34', '2019-09-08 16:55:47'),
(67, '28069', 'PTPN-II-0035', 'H', '2019-08-03', '06:42:48', '2019-09-08 16:55:47'),
(68, '28069', 'PTPN-II-0034', 'H', '2019-08-03', '06:43:01', '2019-09-08 16:55:47'),
(69, '28069', 'PTPN-II-0039', 'H', '2019-08-03', '06:43:45', '2019-09-08 16:55:47'),
(70, '28069', 'PTPN-II-0022', 'H', '2019-08-03', '06:44:27', '2019-09-08 16:55:47'),
(71, '28069', 'PTPN-II-0023', 'H', '2019-08-03', '06:44:43', '2019-09-08 16:55:47'),
(72, '28069', 'PTPN-II-0037', 'H', '2019-08-03', '06:45:05', '2019-09-08 16:55:47'),
(73, '28069', 'PTPN-II-0036', 'H', '2019-08-03', '06:46:59', '2019-09-08 16:55:47'),
(74, '28069', 'PTPN-II-0025', 'H', '2019-08-03', '06:47:22', '2019-09-08 16:55:47'),
(75, '28069', 'PTPN-II-0033', 'H', '2019-08-03', '06:47:39', '2019-09-08 16:55:47'),
(76, '28069', 'PTPN-II-0038', 'H', '2019-08-03', '06:47:53', '2019-09-08 16:55:47'),
(77, '28069', 'PTPN-II-0030', 'H', '2019-08-03', '06:49:15', '2019-09-08 16:55:47'),
(78, '28069', 'PTPN-II-0020', 'H', '2019-08-03', '06:49:28', '2019-09-08 16:55:47'),
(79, '28069', 'PTPN-II-0026', 'H', '2019-08-03', '06:49:54', '2019-09-08 16:55:47'),
(80, '28069', 'PTPN-II-0031', 'H', '2019-08-03', '06:51:16', '2019-09-08 16:55:47'),
(81, '28069', 'PTPN-II-0027', 'H', '2019-08-03', '06:52:43', '2019-09-08 16:55:47'),
(82, '28069', 'PTPN-II-0029', 'H', '2019-08-03', '06:54:53', '2019-09-08 16:55:47'),
(83, '28069', 'PTPN-II-0028', 'H', '2019-08-03', '06:55:29', '2019-09-08 16:55:47'),
(84, '28069', 'PTPN-II-0028', 'H', '2019-08-03', '06:56:11', '2019-09-08 16:55:47'),
(85, '28069', 'PTPN-II-0042', 'H', '2019-08-03', '07:12:06', '2019-09-08 16:55:47'),
(86, '28069', 'PTPN-II-0040', 'H', '2019-08-03', '07:12:18', '2019-09-08 16:55:47'),
(87, '28069', 'PTPN-II-0040', 'H', '2019-08-03', '07:12:31', '2019-09-08 16:55:47'),
(88, '28069', 'PTPN-II-0041', 'H', '2019-08-03', '07:32:48', '2019-09-08 16:55:47'),
(89, '28069', 'PTPN-II-0032', 'H', '2019-08-05', '06:41:19', '2019-09-08 16:55:47'),
(90, '28069', 'PTPN-II-0023', 'H', '2019-08-05', '06:41:49', '2019-09-08 16:55:47'),
(91, '28069', 'PTPN-II-0033', 'H', '2019-08-05', '06:42:09', '2019-09-08 16:55:47'),
(92, '28069', 'PTPN-II-0041', 'H', '2019-08-05', '06:42:35', '2019-09-08 16:55:47'),
(93, '28069', 'PTPN-II-0027', 'H', '2019-08-05', '06:43:21', '2019-09-08 16:55:47'),
(94, '28069', 'PTPN-II-0039', 'H', '2019-08-05', '06:43:39', '2019-09-08 16:55:47'),
(95, '28069', 'PTPN-II-0026', 'H', '2019-08-05', '06:44:54', '2019-09-08 16:55:47'),
(96, '28069', 'PTPN-II-0030', 'H', '2019-08-05', '06:45:14', '2019-09-08 16:55:47'),
(97, '28069', 'PTPN-II-0035', 'H', '2019-08-05', '06:45:46', '2019-09-08 16:55:47'),
(98, '28069', 'PTPN-II-0034', 'H', '2019-08-05', '06:46:15', '2019-09-08 16:55:47'),
(99, '28069', 'PTPN-II-0025', 'H', '2019-08-05', '06:46:46', '2019-09-08 16:55:47'),
(100, '28069', 'PTPN-II-0022', 'H', '2019-08-05', '06:49:30', '2019-09-08 16:55:47'),
(101, '28069', 'PTPN-II-0024', 'H', '2019-08-05', '06:49:51', '2019-09-08 16:55:47'),
(102, '28069', 'PTPN-II-0031', 'H', '2019-08-05', '06:50:08', '2019-09-08 16:55:47'),
(103, '28069', 'PTPN-II-0037', 'H', '2019-08-05', '06:51:08', '2019-09-08 16:55:47'),
(104, '28069', 'PTPN-II-0021', 'H', '2019-08-05', '06:51:15', '2019-09-08 16:55:47'),
(105, '28069', 'PTPN-II-0036', 'H', '2019-08-05', '06:51:21', '2019-09-08 16:55:47'),
(106, '28069', 'PTPN-II-0038', 'H', '2019-08-05', '06:53:11', '2019-09-08 16:55:47'),
(107, '28069', 'PTPN-II-0020', 'H', '2019-08-05', '06:56:05', '2019-09-08 16:55:47'),
(108, '28069', 'PTPN-II-0040', 'H', '2019-08-05', '06:56:13', '2019-09-08 16:55:47'),
(109, '28069', 'PTPN-II-0028', 'H', '2019-08-05', '07:00:56', '2019-09-08 16:55:47'),
(110, '28069', 'PTPN-II-0024', 'H', '2019-08-06', '06:46:03', '2019-09-08 16:55:47'),
(111, '28069', 'PTPN-II-0832', 'H', '2019-08-06', '06:46:13', '2019-09-08 16:55:47'),
(112, '28069', 'PTPN-II-0035', 'H', '2019-08-06', '06:46:23', '2019-09-08 16:55:47'),
(113, '28069', 'PTPN-II-0036', 'H', '2019-08-06', '06:46:36', '2019-09-08 16:55:47'),
(114, '28069', 'PTPN-II-0034', 'H', '2019-08-06', '06:46:46', '2019-09-08 16:55:47'),
(115, '28069', 'PTPN-II-0039', 'H', '2019-08-06', '06:46:55', '2019-09-08 16:55:47'),
(116, '28069', 'PTPN-II-0022', 'H', '2019-08-06', '06:47:38', '2019-09-08 16:55:47'),
(117, '28069', 'PTPN-II-0027', 'H', '2019-08-06', '06:47:47', '2019-09-08 16:55:47'),
(118, '28069', 'PTPN-II-0041', 'H', '2019-08-06', '06:48:05', '2019-09-08 16:55:47'),
(119, '28069', 'PTPN-II-0021', 'H', '2019-08-06', '06:48:21', '2019-09-08 16:55:47'),
(120, '28069', 'PTPN-II-001J', 'H', '2019-08-06', '06:49:04', '2019-09-08 16:55:47'),
(121, '28069', 'PTPN-II-0029', 'H', '2019-08-06', '06:49:11', '2019-09-08 16:55:47'),
(122, '28069', 'PTPN-II-0030', 'H', '2019-08-06', '06:49:17', '2019-09-08 16:55:47'),
(123, '28069', 'PTPN-II-0037', 'H', '2019-08-06', '06:49:29', '2019-09-08 16:55:47'),
(124, '28069', 'PTPN-II-0033', 'H', '2019-08-06', '06:49:40', '2019-09-08 16:55:47'),
(125, '28069', 'PTPN-II-0038', 'H', '2019-08-06', '06:53:07', '2019-09-08 16:55:47'),
(126, '28069', 'PTPN-II-0031', 'H', '2019-08-06', '06:53:19', '2019-09-08 16:55:47'),
(127, '28069', 'PTPN-II-0031', 'H', '2019-08-06', '06:53:23', '2019-09-08 16:55:47'),
(128, '28069', 'PTPN-II-0028', 'H', '2019-08-06', '06:54:00', '2019-09-08 16:55:47'),
(129, '28069', 'PTPN-II-0025', 'H', '2019-08-06', '06:54:08', '2019-09-08 16:55:47'),
(130, '28069', 'PTPN-II-0040', 'H', '2019-08-06', '06:57:54', '2019-09-08 16:55:47'),
(131, '28069', 'PTPN-II-0020', 'H', '2019-08-06', '06:59:12', '2019-09-08 16:55:47'),
(132, '28069', 'PTPN-II-0023', 'H', '2019-08-06', '07:03:09', '2019-09-08 16:55:47'),
(133, '28069', 'PTPN-II-0025', 'H', '2019-08-07', '06:37:40', '2019-09-08 16:55:47'),
(134, '28069', 'PTPN-II-0025', 'H', '2019-08-07', '06:37:56', '2019-09-08 16:55:47'),
(135, '28069', 'PTPN-II-0034', 'H', '2019-08-07', '06:38:20', '2019-09-08 16:55:47'),
(136, '28069', 'PTPN-II-0035', 'H', '2019-08-07', '06:38:32', '2019-09-08 16:55:47'),
(137, '28069', 'PTPN-II-0032', 'H', '2019-08-07', '06:38:45', '2019-09-08 16:55:47'),
(138, '28069', 'PTPN-II-0020', 'H', '2019-08-07', '06:43:40', '2019-09-08 16:55:47'),
(139, '28069', 'PTPN-II-0026', 'H', '2019-08-07', '06:43:55', '2019-09-08 16:55:47'),
(140, '28069', 'PTPN-II-0028', 'H', '2019-08-07', '06:44:06', '2019-09-08 16:55:47'),
(141, '28069', 'PTPN-II-0029', 'H', '2019-08-07', '06:44:14', '2019-09-08 16:55:47'),
(142, '28069', 'PTPN-II-0030', 'H', '2019-08-07', '06:45:17', '2019-09-08 16:55:47'),
(143, '28069', 'PTPN-II-0031', 'H', '2019-08-07', '06:46:06', '2019-09-08 16:55:47'),
(144, '28069', 'PTPN-II-0038', 'H', '2019-08-07', '06:46:21', '2019-09-08 16:55:47'),
(145, '28069', 'PTPN-II-0027', 'H', '2019-08-07', '06:48:36', '2019-09-08 16:55:47'),
(146, '28069', 'PTPN-II-0022', 'H', '2019-08-07', '06:48:48', '2019-09-08 16:55:47'),
(147, '28069', 'PTPN-II-0023', 'H', '2019-08-07', '06:50:55', '2019-09-08 16:55:47'),
(148, '28069', 'PTPN-II-0037', 'H', '2019-08-07', '06:52:35', '2019-09-08 16:55:47'),
(149, '28069', 'PTPN-II-0021', 'H', '2019-08-07', '06:52:43', '2019-09-08 16:55:47'),
(150, '28069', 'PTPN-II-0040', 'H', '2019-08-07', '06:52:53', '2019-09-08 16:55:47'),
(151, '28069', 'PTPN-II-0042', 'H', '2019-08-07', '06:55:28', '2019-09-08 16:55:47'),
(152, '28069', 'PTPN-II-0024', 'H', '2019-08-07', '06:59:42', '2019-09-08 16:55:47'),
(153, '28069', 'PTPN-II-0033', 'H', '2019-08-07', '07:00:21', '2019-09-08 16:55:47'),
(154, '28069', 'PTPN-II-0033', 'H', '2019-08-08', '06:47:51', '2019-09-08 16:55:47'),
(155, '28069', 'PTPN-II-0036', 'H', '2019-08-08', '06:48:12', '2019-09-08 16:55:47'),
(156, '28069', 'PTPN-II-0037', 'H', '2019-08-08', '06:48:25', '2019-09-08 16:55:47'),
(157, '28069', 'PTPN-II-0024', 'H', '2019-08-08', '06:48:36', '2019-09-08 16:55:47'),
(158, '28069', 'PTPN-II-0024', 'H', '2019-08-08', '06:48:52', '2019-09-08 16:55:47'),
(159, '28069', 'PTPN-II-0031', 'H', '2019-08-08', '06:49:03', '2019-09-08 16:55:47'),
(160, '28069', 'PTPN-II-0034', 'H', '2019-08-08', '06:49:18', '2019-09-08 16:55:47'),
(161, '28069', 'PTPN-II-0041', 'H', '2019-08-08', '06:49:31', '2019-09-08 16:55:47'),
(162, '28069', 'PTPN-II-0035', 'H', '2019-08-08', '06:49:42', '2019-09-08 16:55:47'),
(163, '28069', 'PTPN-II-0042', 'H', '2019-08-08', '06:50:01', '2019-09-08 16:55:47'),
(164, '28069', 'PTPN-II-0027', 'H', '2019-08-08', '06:50:12', '2019-09-08 16:55:47'),
(165, '28069', 'PTPN-II-0029', 'H', '2019-08-08', '06:50:21', '2019-09-08 16:55:47'),
(166, '28069', 'PTPN-II-0026', 'H', '2019-08-08', '06:50:30', '2019-09-08 16:55:47'),
(167, '28069', 'PTPN-II-0020', 'H', '2019-08-08', '06:50:41', '2019-09-08 16:55:47'),
(168, '28069', 'PTPN-II-0025', 'H', '2019-08-08', '06:50:51', '2019-09-08 16:55:47'),
(169, '28069', 'PTPN-II-0032', 'H', '2019-08-08', '06:51:01', '2019-09-08 16:55:47'),
(170, '28069', 'PTPN-II-0039', 'H', '2019-08-08', '06:51:11', '2019-09-08 16:55:47'),
(171, '28069', 'PTPN-II-0030', 'H', '2019-08-08', '06:51:39', '2019-09-08 16:55:47'),
(172, '28069', 'PTPN-II-0021', 'H', '2019-08-08', '06:52:52', '2019-09-08 16:55:47'),
(173, '28069', 'PTPN-II-0038', 'H', '2019-08-08', '06:56:32', '2019-09-08 16:55:47'),
(174, '28069', 'PTPN-II-0040', 'H', '2019-08-08', '07:16:20', '2019-09-08 16:55:47'),
(175, '28069', 'PTPN-II-0025', 'H', '2019-08-09', '07:03:43', '2019-09-08 16:55:47'),
(176, '28069', 'PTPN-II-0038', 'H', '2019-08-09', '07:03:51', '2019-09-08 16:55:47'),
(177, '28069', 'PTPN-II-0026', 'H', '2019-08-09', '07:03:57', '2019-09-08 16:55:47'),
(178, '28069', 'PTPN-II-0031', 'H', '2019-08-09', '07:04:05', '2019-09-08 16:55:47'),
(179, '28069', 'PTPN-II-0032', 'H', '2019-08-09', '07:04:17', '2019-09-08 16:55:47'),
(180, '28069', 'PTPN-II-0029', 'H', '2019-08-09', '07:04:26', '2019-09-08 16:55:47'),
(181, '28069', 'PTPN-II-0023', 'H', '2019-08-09', '07:04:35', '2019-09-08 16:55:47'),
(182, '28069', 'PTPN-II-0020', 'H', '2019-08-09', '07:04:43', '2019-09-08 16:55:47'),
(183, '28069', 'PTPN-II-0027', 'H', '2019-08-09', '07:04:51', '2019-09-08 16:55:47'),
(184, '28069', 'PTPN-II-0041', 'H', '2019-08-09', '07:04:59', '2019-09-08 16:55:47'),
(185, '28069', 'PTPN-II-0028', 'H', '2019-08-09', '07:05:07', '2019-09-08 16:55:47'),
(186, '28069', 'PTPN-II-0024', 'H', '2019-08-09', '07:05:16', '2019-09-08 16:55:47'),
(187, '28069', 'PTPN-II-0034', 'H', '2019-08-09', '07:05:23', '2019-09-08 16:55:47'),
(188, '28069', 'PTPN-II-0042', 'H', '2019-08-09', '07:05:33', '2019-09-08 16:55:47'),
(189, '28069', 'PTPN-II-0021', 'H', '2019-08-09', '07:05:42', '2019-09-08 16:55:47'),
(190, '28069', 'PTPN-II-0035', 'H', '2019-08-09', '07:05:50', '2019-09-08 16:55:47'),
(191, '28069', 'PTPN-II-0033', 'H', '2019-08-09', '07:06:13', '2019-09-08 16:55:47'),
(192, '28069', 'PTPN-II-0039', 'H', '2019-08-09', '07:06:22', '2019-09-08 16:55:47'),
(193, '28069', 'PTPN-II-0036', 'H', '2019-08-09', '07:06:32', '2019-09-08 16:55:47'),
(194, '28069', 'PTPN-II-0022', 'H', '2019-08-09', '07:06:42', '2019-09-08 16:55:47'),
(195, '28069', 'PTPN-II-0037', 'H', '2019-08-09', '07:06:53', '2019-09-08 16:55:47'),
(196, '28069', 'PTPN-II-0030', 'H', '2019-08-09', '07:15:48', '2019-09-08 16:55:47'),
(197, '28069', 'PTPN-II-0039', 'H', '2019-08-10', '07:05:47', '2019-09-08 16:55:47'),
(198, '28069', 'PTPN-II-0037', 'H', '2019-08-10', '07:06:10', '2019-09-08 16:55:47'),
(199, '28069', 'PTPN-II-0021', 'H', '2019-08-10', '07:06:22', '2019-09-08 16:55:47'),
(200, '28069', 'PTPN-II-0028', 'H', '2019-08-10', '07:06:41', '2019-09-08 16:55:47'),
(201, '28069', 'PTPN-II-0024', 'H', '2019-08-10', '07:07:01', '2019-09-08 16:55:47'),
(202, '28069', 'PTPN-II-0032', 'H', '2019-08-10', '07:07:15', '2019-09-08 16:55:47'),
(203, '28069', 'PTPN-II-0031', 'H', '2019-08-10', '07:07:25', '2019-09-08 16:55:47'),
(204, '28069', 'PTPN-II-0030', 'H', '2019-08-10', '07:07:38', '2019-09-08 16:55:47'),
(205, '28069', 'PTPN-II-0038', 'H', '2019-08-10', '07:07:51', '2019-09-08 16:55:47'),
(206, '28069', 'PTPN-II-0022', 'H', '2019-08-10', '07:08:03', '2019-09-08 16:55:47'),
(207, '28069', 'PTPN-II-0042', 'H', '2019-08-10', '07:08:19', '2019-09-08 16:55:47'),
(208, '28069', 'PTPN-II-0034', 'H', '2019-08-10', '07:08:28', '2019-09-08 16:55:47'),
(209, '28069', 'PTPN-II-0036', 'H', '2019-08-10', '07:08:40', '2019-09-08 16:55:47'),
(210, '28069', 'PTPN-II-0035', 'H', '2019-08-10', '07:08:52', '2019-09-08 16:55:47'),
(211, '28069', 'PTPN-II-0029', 'H', '2019-08-10', '07:09:04', '2019-09-08 16:55:47'),
(212, '28069', 'PTPN-II-0020', 'H', '2019-08-10', '07:09:16', '2019-09-08 16:55:47'),
(213, '28069', 'PTPN-II-0041', 'H', '2019-08-10', '07:09:29', '2019-09-08 16:55:47'),
(214, '28069', 'PTPN-II-0033', 'H', '2019-08-10', '07:09:40', '2019-09-08 16:55:47'),
(215, '28069', 'PTPN-II-0025', 'H', '2019-08-10', '07:09:54', '2019-09-08 16:55:47'),
(216, '28069', 'PTPN-II-0023', 'H', '2019-08-10', '07:10:08', '2019-09-08 16:55:47'),
(217, '28069', 'PTPN-II-0032', 'H', '2019-08-12', '06:43:16', '2019-09-08 16:55:47'),
(218, '28069', 'PTPN-II-0035', 'H', '2019-08-12', '06:43:26', '2019-09-08 16:55:47'),
(219, '28069', 'PTPN-II-0034', 'H', '2019-08-12', '06:43:35', '2019-09-08 16:55:47'),
(220, '28069', 'PTPN-II-0024', 'H', '2019-08-12', '06:44:32', '2019-09-08 16:55:47'),
(221, '28069', 'PTPN-II-0037', 'H', '2019-08-12', '06:44:57', '2019-09-08 16:55:47'),
(222, '28069', 'PTPN-II-0022', 'H', '2019-08-12', '06:47:52', '2019-09-08 16:55:47'),
(223, '28069', 'PTPN-II-0027', 'H', '2019-08-12', '06:48:01', '2019-09-08 16:55:47'),
(224, '28069', 'PTPN-II-0026', 'H', '2019-08-12', '06:48:15', '2019-09-08 16:55:47'),
(225, '28069', 'PTPN-II-0029', 'H', '2019-08-12', '06:48:35', '2019-09-08 16:55:47'),
(226, '28069', 'PTPN-II-0036', 'H', '2019-08-12', '07:22:39', '2019-09-08 16:55:47'),
(227, '28069', 'PTPN-II-0028', 'H', '2019-08-12', '07:22:50', '2019-09-08 16:55:47'),
(228, '28069', 'PTPN-II-0031', 'H', '2019-08-12', '07:22:58', '2019-09-08 16:55:47'),
(229, '28069', 'PTPN-II-0030', 'H', '2019-08-12', '07:23:09', '2019-09-08 16:55:47'),
(230, '28069', 'PTPN-II-0038', 'H', '2019-08-12', '07:23:16', '2019-09-08 16:55:47'),
(231, '28069', 'PTPN-II-0033', 'H', '2019-08-12', '07:23:24', '2019-09-08 16:55:47'),
(232, '28069', 'PTPN-II-0020', 'H', '2019-08-12', '07:23:32', '2019-09-08 16:55:47'),
(233, '28069', 'PTPN-II-0025', 'H', '2019-08-12', '07:23:39', '2019-09-08 16:55:47'),
(234, '28069', 'PTPN-II-0030', 'H', '2019-08-12', '07:23:47', '2019-09-08 16:55:47'),
(235, '28069', 'PTPN-II-0041', 'H', '2019-08-12', '07:23:55', '2019-09-08 16:55:47'),
(236, '28069', 'PTPN-II-0023', 'H', '2019-08-12', '07:24:04', '2019-09-08 16:55:47'),
(237, '28069', 'PTPN-II-0040', 'H', '2019-08-12', '07:24:12', '2019-09-08 16:55:47'),
(238, '28069', 'PTPN-II-0025', 'H', '2019-08-13', '06:35:27', '2019-09-08 16:55:47'),
(239, '28069', 'PTPN-II-0020', 'H', '2019-08-13', '06:35:48', '2019-09-08 16:55:47'),
(240, '28069', 'PTPN-II-0021', 'H', '2019-08-13', '06:36:38', '2019-09-08 16:55:47'),
(241, '28069', 'PTPN-II-0035', 'H', '2019-08-13', '06:37:09', '2019-09-08 16:55:47'),
(242, '28069', 'PTPN-II-0028', 'H', '2019-08-13', '06:37:23', '2019-09-08 16:55:47'),
(243, '28069', 'PTPN-II-0022', 'H', '2019-08-13', '06:40:14', '2019-09-08 16:55:47'),
(244, '28069', 'PTPN-II-0024', 'H', '2019-08-13', '06:40:30', '2019-09-08 16:55:47'),
(245, '28069', 'PTPN-II-0027', 'H', '2019-08-13', '06:40:44', '2019-09-08 16:55:47'),
(246, '28069', 'PTPN-II-0032', 'H', '2019-08-13', '07:17:14', '2019-09-08 16:55:47'),
(247, '28069', 'PTPN-II-0031', 'H', '2019-08-13', '07:17:21', '2019-09-08 16:55:47'),
(248, '28069', 'PTPN-II-0039', 'H', '2019-08-13', '07:17:29', '2019-09-08 16:55:47'),
(249, '28069', 'PTPN-II-0040', 'H', '2019-08-13', '07:17:40', '2019-09-08 16:55:47'),
(250, '28069', 'PTPN-II-0042', 'H', '2019-08-13', '07:17:50', '2019-09-08 16:55:47'),
(251, '28069', 'PTPN-II-0023', 'H', '2019-08-13', '07:17:57', '2019-09-08 16:55:47'),
(252, '28069', 'PTPN-II-0029', 'H', '2019-08-13', '07:18:07', '2019-09-08 16:55:47'),
(253, '28069', 'PTPN-II-0037', 'H', '2019-08-13', '07:18:19', '2019-09-08 16:55:47'),
(254, '28069', 'PTPN-II-0026', 'H', '2019-08-13', '07:18:44', '2019-09-08 16:55:47'),
(255, '28069', 'PTPN-II-0033', 'H', '2019-08-13', '07:19:01', '2019-09-08 16:55:47'),
(256, '28069', 'PTPN-II-0036', 'H', '2019-08-13', '07:19:12', '2019-09-08 16:55:47'),
(257, '28069', 'PTPN-II-0035', 'H', '2019-08-14', '06:47:19', '2019-09-08 16:55:47'),
(258, '28069', 'PTPN-II-0021', 'H', '2019-08-14', '06:47:36', '2019-09-08 16:55:47'),
(259, '28069', 'PTPN-II-0025', 'H', '2019-08-14', '06:47:46', '2019-09-08 16:55:47'),
(260, '28069', 'PTPN-II-0036', 'H', '2019-08-14', '06:47:59', '2019-09-08 16:55:47'),
(261, '28069', 'PTPN-II-0034', 'H', '2019-08-14', '06:48:08', '2019-09-08 16:55:47'),
(262, '28069', 'PTPN-II-0029', 'H', '2019-08-14', '06:48:20', '2019-09-08 16:55:47'),
(263, '28069', 'PTPN-II-BH22', 'H', '2019-08-14', '06:48:29', '2019-09-08 16:55:47'),
(264, '28069', 'PTPN-II-0030', 'H', '2019-08-14', '06:48:39', '2019-09-08 16:55:47'),
(265, '28069', 'PTPN-II-0026', 'H', '2019-08-14', '06:48:51', '2019-09-08 16:55:47'),
(266, '28069', 'PTPN-II-0032', 'H', '2019-08-14', '06:49:04', '2019-09-08 16:55:47'),
(267, '28069', 'PTPN-II-0023', 'H', '2019-08-14', '06:50:30', '2019-09-08 16:55:47'),
(268, '28069', 'PTPN-II-0020', 'H', '2019-08-14', '06:50:45', '2019-09-08 16:55:47'),
(269, '28069', 'PTPN-II-0028', 'H', '2019-08-14', '06:50:55', '2019-09-08 16:55:47'),
(270, '28069', 'PTPN-II-0027', 'H', '2019-08-14', '06:51:06', '2019-09-08 16:55:47'),
(271, '28069', 'PTPN-II-0033', 'H', '2019-08-14', '06:51:43', '2019-09-08 16:55:47'),
(272, '28069', 'PTPN-II-0042', 'H', '2019-08-14', '06:54:13', '2019-09-08 16:55:47'),
(273, '28069', 'PTPN-II-0038', 'H', '2019-08-14', '06:57:25', '2019-09-08 16:55:47'),
(274, '28069', 'PTPN-II-0041', 'H', '2019-08-14', '06:57:40', '2019-09-08 16:55:47'),
(275, '28069', 'PTPN-II-0024', 'H', '2019-08-14', '07:04:21', '2019-09-08 16:55:47'),
(276, '28069', 'PTPN-II-0039', 'H', '2019-08-14', '07:05:02', '2019-09-08 16:55:47'),
(277, '28069', 'PTPN-II-0040', 'H', '2019-08-14', '07:26:45', '2019-09-08 16:55:47'),
(278, '28069', 'PTPN-II-0027', 'H', '2019-08-15', '06:58:23', '2019-09-08 16:55:47'),
(279, '28069', 'PTPN-II-0031', 'H', '2019-08-15', '06:58:35', '2019-09-08 16:55:47'),
(280, '28069', 'PTPN-II-0034', 'H', '2019-08-15', '06:59:06', '2019-09-08 16:55:47'),
(281, '28069', 'PTPN-II-0039', 'H', '2019-08-15', '06:59:21', '2019-09-08 16:55:47'),
(282, '28069', 'PTPN-II-0024', 'H', '2019-08-15', '06:59:32', '2019-09-08 16:55:47'),
(283, '28069', 'PTPN-II-0040', 'H', '2019-08-15', '06:59:44', '2019-09-08 16:55:47'),
(284, '28069', 'PTPN-II-0032', 'H', '2019-08-15', '06:59:57', '2019-09-08 16:55:47'),
(285, '28069', 'PTPN-II-0025', 'H', '2019-08-15', '07:00:27', '2019-09-08 16:55:47'),
(286, '28069', 'PTPN-II-0026', 'H', '2019-08-15', '07:01:05', '2019-09-08 16:55:47'),
(287, '28069', 'PTPN-II-0029', 'H', '2019-08-15', '07:01:28', '2019-09-08 16:55:47'),
(288, '28069', 'PTPN-II-0020', 'H', '2019-08-15', '07:01:45', '2019-09-08 16:55:47'),
(289, '28069', 'PTPN-II-0023', 'H', '2019-08-15', '07:02:00', '2019-09-08 16:55:47'),
(290, '28069', 'PTPN-II-0021', 'H', '2019-08-15', '07:27:59', '2019-09-08 16:55:47'),
(291, '28069', 'PTPN-II-0036', 'H', '2019-08-15', '07:28:09', '2019-09-08 16:55:47'),
(292, '28069', 'PTPN-II-0037', 'H', '2019-08-15', '07:28:21', '2019-09-08 16:55:47'),
(293, '28069', 'PTPN-II-0028', 'H', '2019-08-15', '07:28:35', '2019-09-08 16:55:47'),
(294, '28069', 'PTPN-II-0022', 'H', '2019-08-15', '07:28:41', '2019-09-08 16:55:47'),
(295, '28069', 'PTPN-II-0042', 'H', '2019-08-15', '07:28:52', '2019-09-08 16:55:47'),
(296, '28069', 'PTPN-II-0033', 'H', '2019-08-15', '07:29:02', '2019-09-08 16:55:47'),
(297, '28069', 'PTPN-II-0041', 'H', '2019-08-15', '07:29:25', '2019-09-08 16:55:47'),
(298, '28069', 'PTPN-II-0038', 'H', '2019-08-15', '07:29:34', '2019-09-08 16:55:47'),
(299, '28069', 'PTPN-II-0030', 'H', '2019-08-15', '07:29:45', '2019-09-08 16:55:47'),
(300, '28069', 'PTPN-II-0034', 'H', '2019-08-16', '06:34:04', '2019-09-08 16:55:47'),
(301, '28069', 'PTPN-II-0035', 'H', '2019-08-16', '06:36:17', '2019-09-08 16:55:47'),
(302, '28069', 'PTPN-II-0032', 'H', '2019-08-16', '06:37:43', '2019-09-08 16:55:47'),
(303, '28069', 'PTPN-II-0033', 'H', '2019-08-16', '06:37:55', '2019-09-08 16:55:47'),
(304, '28069', 'PTPN-II-0021', 'H', '2019-08-16', '06:38:15', '2019-09-08 16:55:47'),
(305, '28069', 'PTPN-II-0037', 'H', '2019-08-16', '06:39:30', '2019-09-08 16:55:47'),
(306, '28069', 'PTPN-II-0030', 'H', '2019-08-16', '06:39:45', '2019-09-08 16:55:47'),
(307, '28069', 'PTPN-II-0042', 'H', '2019-08-16', '06:40:16', '2019-09-08 16:55:47'),
(308, '28069', 'PTPN-II-0024', 'H', '2019-08-16', '06:42:24', '2019-09-08 16:55:47'),
(309, '28069', 'PTPN-II-0029', 'H', '2019-08-16', '06:43:08', '2019-09-08 16:55:47'),
(310, '28069', 'PTPN-II-0026', 'H', '2019-08-16', '06:43:18', '2019-09-08 16:55:47'),
(311, '28069', 'PTPN-II-0025', 'H', '2019-08-16', '06:43:43', '2019-09-08 16:55:47'),
(312, '28069', 'PTPN-II-0027', 'H', '2019-08-16', '06:51:59', '2019-09-08 16:55:47'),
(313, '28069', 'PTPN-II-0039', 'H', '2019-08-16', '06:52:07', '2019-09-08 16:55:47'),
(314, '28069', 'PTPN-II-0041', 'H', '2019-08-16', '06:52:17', '2019-09-08 16:55:47'),
(315, '28069', 'PTPN-II-0020', 'H', '2019-08-16', '06:52:25', '2019-09-08 16:55:47'),
(316, '28069', 'PTPN-II-0023', 'H', '2019-08-16', '07:00:43', '2019-09-08 16:55:47'),
(317, '28069', 'PTPN-II-0040', 'H', '2019-08-16', '07:00:50', '2019-09-08 16:55:47'),
(318, '28069', 'PTPN-II-0038', 'H', '2019-08-16', '07:00:59', '2019-09-08 16:55:47'),
(319, '28069', 'PTPN-II-0036', 'H', '2019-08-16', '07:01:25', '2019-09-08 16:55:47'),
(320, '28069', 'PTPN-II-0031', 'H', '2019-08-16', '07:01:33', '2019-09-08 16:55:47'),
(321, '28069', 'PTPN-II-0041', 'H', '2019-08-18', '06:53:29', '2019-09-08 16:55:47'),
(322, '28069', 'PTPN-II-0027', 'H', '2019-08-18', '06:53:49', '2019-09-08 16:55:47'),
(323, '28069', 'PTPN-II-0025', 'H', '2019-08-18', '06:55:39', '2019-09-08 16:55:47'),
(324, '28069', 'PTPN-II-0022', 'H', '2019-08-18', '06:55:55', '2019-09-08 16:55:47'),
(325, '28069', 'PTPN-II-0037', 'H', '2019-08-18', '06:56:09', '2019-09-08 16:55:47'),
(326, '28069', 'PTPN-II-0020', 'H', '2019-08-18', '06:56:18', '2019-09-08 16:55:47'),
(327, '28069', 'PTPN-II-0032', 'H', '2019-08-18', '06:56:28', '2019-09-08 16:55:47'),
(328, '28069', 'PTPN-II-0033', 'H', '2019-08-18', '06:56:40', '2019-09-08 16:55:47'),
(329, '28069', 'PTPN-II-0035', 'H', '2019-08-18', '06:56:57', '2019-09-08 16:55:47'),
(330, '28069', 'PTPN-II-0021', 'H', '2019-08-18', '06:57:17', '2019-09-08 16:55:47'),
(331, '28069', 'PTPN-II-0034', 'H', '2019-08-18', '06:57:31', '2019-09-08 16:55:47'),
(332, '28069', 'PTPN-II-0024', 'H', '2019-08-18', '06:58:20', '2019-09-08 16:55:47'),
(333, '28069', 'PTPN-II-0040', 'H', '2019-08-18', '07:09:16', '2019-09-08 16:55:47'),
(334, '28069', 'PTPN-II-0031', 'H', '2019-08-18', '07:15:54', '2019-09-08 16:55:47'),
(335, '28069', 'PTPN-II-0042', 'H', '2019-08-18', '07:16:13', '2019-09-08 16:55:47'),
(336, '28069', 'PTPN-II-0036', 'H', '2019-08-18', '07:18:24', '2019-09-08 16:55:47'),
(337, '28069', 'PTPN-II-0030', 'H', '2019-08-18', '07:44:31', '2019-09-08 16:55:47'),
(338, '28069', 'PTPN-II-0026', 'H', '2019-08-18', '07:46:33', '2019-09-08 16:55:47'),
(339, '28069', 'PTPN-II-0029', 'H', '2019-08-18', '07:57:01', '2019-09-08 16:55:47'),
(340, '28069', 'PTPN-II-0029', 'H', '2019-08-18', '21:21:09', '2019-09-08 16:55:47'),
(341, '28069', 'PTPN-II-0024', 'H', '2019-08-19', '06:46:48', '2019-09-08 16:55:47'),
(342, '28069', 'PTPN-II-0034', 'H', '2019-08-19', '06:47:02', '2019-09-08 16:55:47'),
(343, '28069', 'PTPN-II-0021', 'H', '2019-08-19', '06:47:10', '2019-09-08 16:55:47'),
(344, '28069', 'PTPN-II-0035', 'H', '2019-08-19', '06:47:24', '2019-09-08 16:55:47'),
(345, '28069', 'PTPN-II-0033', 'H', '2019-08-19', '06:47:32', '2019-09-08 16:55:47'),
(346, '28069', 'PTPN-II-0032', 'H', '2019-08-19', '06:47:39', '2019-09-08 16:55:47'),
(347, '28069', 'PTPN-II-0025', 'H', '2019-08-19', '06:50:34', '2019-09-08 16:55:47'),
(348, '28069', 'PTPN-II-0022', 'H', '2019-08-19', '06:52:43', '2019-09-08 16:55:47'),
(349, '28069', 'PTPN-II-0030', 'H', '2019-08-19', '06:55:38', '2019-09-08 16:55:47'),
(350, '28069', 'PTPN-II-0026', 'H', '2019-08-19', '06:55:47', '2019-09-08 16:55:47'),
(351, '28069', 'PTPN-II-0023', 'H', '2019-08-19', '06:55:57', '2019-09-08 16:55:47'),
(352, '28069', 'PTPN-II-0029', 'H', '2019-08-19', '06:56:06', '2019-09-08 16:55:47'),
(353, '28069', 'PTPN-II-0039', 'H', '2019-08-19', '06:56:15', '2019-09-08 16:55:47'),
(354, '28069', 'PTPN-II-0027', 'H', '2019-08-19', '06:56:33', '2019-09-08 16:55:47'),
(355, '28069', 'PTPN-II-0041', 'H', '2019-08-19', '06:56:41', '2019-09-08 16:55:47'),
(356, '28069', 'PTPN-II-0031', 'H', '2019-08-19', '06:56:58', '2019-09-08 16:55:47'),
(357, '28069', 'PTPN-II-0038', 'H', '2019-08-19', '06:57:11', '2019-09-08 16:55:47'),
(358, '28069', 'PTPN-II-0037', 'H', '2019-08-19', '06:58:08', '2019-09-08 16:55:47'),
(359, '28069', 'PTPN-II-0036', 'H', '2019-08-19', '06:58:27', '2019-09-08 16:55:47'),
(360, '28069', 'PTPN-II-0040', 'H', '2019-08-19', '07:03:52', '2019-09-08 16:55:47'),
(361, '28069', 'PTPN-II-0042', 'H', '2019-08-19', '07:06:17', '2019-09-08 16:55:47'),
(362, '28069', 'PTPN-II-0024', 'H', '2019-08-20', '06:37:33', '2019-09-08 16:55:47'),
(363, '28069', 'PTPN-II-0034', 'H', '2019-08-20', '06:38:24', '2019-09-08 16:55:47'),
(364, '28069', 'PTPN-II-0029', 'H', '2019-08-20', '06:39:08', '2019-09-08 16:55:47'),
(365, '28069', 'PTPN-II-0039', 'H', '2019-08-20', '06:39:40', '2019-09-08 16:55:47'),
(366, '28069', 'PTPN-II-0037', 'H', '2019-08-20', '06:42:48', '2019-09-08 16:55:47'),
(367, '28069', 'PTPN-II-0027', 'H', '2019-08-20', '06:44:15', '2019-09-08 16:55:47'),
(368, '28069', 'PTPN-II-0041', 'H', '2019-08-20', '06:44:36', '2019-09-08 16:55:47'),
(369, '28069', 'PTPN-II-0032', 'H', '2019-08-20', '06:45:13', '2019-09-08 16:55:47'),
(370, '28069', 'PTPN-II-0022', 'H', '2019-08-20', '06:45:39', '2019-09-08 16:55:47'),
(371, '28069', 'PTPN-II-0021', 'H', '2019-08-20', '06:45:55', '2019-09-08 16:55:47'),
(372, '28069', 'PTPN-II-0023', 'H', '2019-08-20', '06:46:42', '2019-09-08 16:55:47'),
(373, '28069', 'PTPN-II-0033', 'H', '2019-08-20', '06:53:50', '2019-09-08 16:55:47'),
(374, '28069', 'PTPN-II-0036', 'H', '2019-08-20', '06:54:23', '2019-09-08 16:55:47'),
(375, '28069', 'PTPN-II-0038', 'H', '2019-08-20', '06:54:55', '2019-09-08 16:55:47'),
(376, '28069', 'PTPN-II-0033', 'H', '2019-08-20', '06:55:03', '2019-09-08 16:55:47'),
(377, '28069', 'PTPN-II-0030', 'H', '2019-08-20', '06:55:29', '2019-09-08 16:55:47'),
(378, '28069', 'PTPN-II-0025', 'H', '2019-08-20', '06:55:55', '2019-09-08 16:55:47'),
(379, '28069', 'PTPN-II-0031', 'H', '2019-08-20', '06:56:49', '2019-09-08 16:55:47'),
(380, '28069', 'PTPN-II-0040', 'H', '2019-08-20', '06:59:44', '2019-09-08 16:55:47'),
(381, '28069', 'PTPN-II-0020', 'H', '2019-08-20', '07:03:02', '2019-09-08 16:55:47'),
(382, '28069', 'PTPN-II-0042', 'H', '2019-08-20', '07:12:00', '2019-09-08 16:55:47'),
(383, '28069', 'PTPN-II-0042', 'H', '2019-08-20', '22:26:03', '2019-09-08 16:55:47'),
(384, '28069', 'PTPN-II-0021', 'H', '2019-08-21', '06:56:58', '2019-09-08 16:55:47'),
(385, '28069', 'PTPN-II-0026', 'H', '2019-08-21', '06:57:23', '2019-09-08 16:55:47'),
(386, '28069', 'PTPN-II-0029', 'H', '2019-08-21', '06:57:33', '2019-09-08 16:55:47'),
(387, '28069', 'PTPN-II-0037', 'H', '2019-08-21', '06:57:49', '2019-09-08 16:55:47'),
(388, '28069', 'PTPN-II-0034', 'H', '2019-08-21', '06:59:27', '2019-09-08 16:55:47'),
(389, '28069', 'PTPN-II-0032', 'H', '2019-08-21', '06:59:53', '2019-09-08 16:55:47'),
(390, '28069', 'PTPN-II-0024', 'H', '2019-08-21', '07:00:08', '2019-09-08 16:55:47'),
(391, '28069', 'PTPN-II-0025', 'H', '2019-08-21', '07:00:18', '2019-09-08 16:55:47'),
(392, '28069', 'PTPN-II-0040', 'H', '2019-08-21', '07:05:12', '2019-09-08 16:55:47'),
(393, '28069', 'PTPN-II-0022', 'H', '2019-08-21', '07:05:32', '2019-09-08 16:55:47'),
(394, '28069', 'PTPN-II-0039', 'H', '2019-08-21', '07:07:19', '2019-09-08 16:55:47'),
(395, '28069', 'PTPN-II-0036', 'H', '2019-08-21', '07:10:12', '2019-09-08 16:55:47'),
(396, '28069', 'PTPN-II-0038', 'H', '2019-08-21', '07:12:00', '2019-09-08 16:55:47'),
(397, '28069', 'PTPN-II-0027', 'H', '2019-08-21', '07:12:16', '2019-09-08 16:55:47'),
(398, '28069', '$1PN-II-0041', 'H', '2019-08-21', '07:12:26', '2019-09-08 16:55:47'),
(399, '28069', 'PTPN-II-0020', 'H', '2019-08-21', '07:28:55', '2019-09-08 16:55:47'),
(400, '28069', 'PTPN-II-0033', 'H', '2019-08-21', '07:29:10', '2019-09-08 16:55:47'),
(401, '28069', 'PTPN-II-0042', 'H', '2019-08-21', '07:29:22', '2019-09-08 16:55:47'),
(402, '28069', 'PTPN-II-0042', 'H', '2019-08-21', '07:38:51', '2019-09-08 16:55:47'),
(403, '28069', 'PTPN-II-0030', 'H', '2019-08-24', '06:50:03', '2019-09-08 16:55:47'),
(404, '28069', 'PTPN-II-0032', 'H', '2019-08-24', '06:50:12', '2019-09-08 16:55:47'),
(405, '28069', 'PTPN-II-0022', 'H', '2019-08-24', '06:50:24', '2019-09-08 16:55:47'),
(406, '28069', 'PTPN-II-0026', 'H', '2019-08-24', '06:50:36', '2019-09-08 16:55:47'),
(407, '28069', 'PTPN-II-0035', 'H', '2019-08-24', '06:50:48', '2019-09-08 16:55:47'),
(408, '28069', 'PTPN-II-0034', 'H', '2019-08-24', '06:50:58', '2019-09-08 16:55:47'),
(409, '28069', 'PTPN-II-0025', 'H', '2019-08-24', '06:51:21', '2019-09-08 16:55:47'),
(410, '28069', 'PTPN-II-0033', 'H', '2019-08-24', '06:53:18', '2019-09-08 16:55:47'),
(411, '28069', 'PTPN-II-0021', 'H', '2019-08-24', '06:53:30', '2019-09-08 16:55:47'),
(412, '28069', 'PTPN-II-0038', 'H', '2019-08-24', '06:55:59', '2019-09-08 16:55:47'),
(413, '28069', 'PTPN-II-0020', 'H', '2019-08-24', '06:59:23', '2019-09-08 16:55:47'),
(414, '28069', 'PTPN-II-0036', 'H', '2019-08-24', '06:59:51', '2019-09-08 16:55:47'),
(415, '28069', 'PTPN-II-0031', 'H', '2019-08-24', '07:01:15', '2019-09-08 16:55:47'),
(416, '28069', 'PTPN-II-0042', 'H', '2019-08-24', '07:02:03', '2019-09-08 16:55:47'),
(417, '28069', 'PTPN-II-0037', 'H', '2019-08-24', '07:04:15', '2019-09-08 16:55:47'),
(418, '28069', 'PTPN-II-0039', 'H', '2019-08-24', '07:06:51', '2019-09-08 16:55:47'),
(419, '28069', 'PTPN-II-0027', 'H', '2019-08-24', '07:07:20', '2019-09-08 16:55:47'),
(420, '28069', 'PTPN-II-0040', 'H', '2019-08-24', '07:07:30', '2019-09-08 16:55:47'),
(421, '28069', 'PTPN-II-0024', 'H', '2019-08-24', '07:07:40', '2019-09-08 16:55:47'),
(422, '28069', 'PTPN-II-0023', 'H', '2019-08-24', '07:08:18', '2019-09-08 16:55:47'),
(423, '28069', 'PTPN-II-0041', 'H', '2019-08-24', '07:26:26', '2019-09-08 16:55:47'),
(424, '28069', 'PTPN-II-0034', 'H', '2019-08-25', '07:37:43', '2019-09-08 16:55:47'),
(425, '28069', 'PTPN-II-0035', 'H', '2019-08-25', '07:38:02', '2019-09-08 16:55:47'),
(426, '28069', 'PTPN-II-0022', 'H', '2019-08-25', '07:38:09', '2019-09-08 16:55:47'),
(427, '28069', 'PTPN-II-0030', 'H', '2019-08-25', '07:38:17', '2019-09-08 16:55:47'),
(428, '28069', 'PTPN-II-0032', 'H', '2019-08-25', '07:38:26', '2019-09-08 16:55:47'),
(429, '28069', 'PTPN-II-0033', 'H', '2019-08-25', '07:38:40', '2019-09-08 16:55:47'),
(430, '28069', 'PTPN-II-0021', 'H', '2019-08-25', '07:39:45', '2019-09-08 16:55:47'),
(431, '28069', 'PTPN-II-0031', 'H', '2019-08-25', '07:46:27', '2019-09-08 16:55:47'),
(432, '28069', 'PTPN-II-0020', 'H', '2019-08-25', '07:46:38', '2019-09-08 16:55:47'),
(433, '28069', 'PTPN-II-0023', 'H', '2019-08-25', '07:47:04', '2019-09-08 16:55:47'),
(434, '28069', 'PTPN-II-0026', 'H', '2019-08-25', '07:47:13', '2019-09-08 16:55:47'),
(435, '28069', 'PTPN-II-0025', 'H', '2019-08-25', '07:50:56', '2019-09-08 16:55:47'),
(436, '28069', 'PTPN-II-0029', 'H', '2019-08-25', '08:29:25', '2019-09-08 16:55:47'),
(437, '28069', 'PTPN-II-0024', 'H', '2019-08-25', '08:42:05', '2019-09-08 16:55:47'),
(438, '28069', 'PTPN-II-0024', 'H', '2019-08-29', '06:47:06', '2019-09-08 16:55:47'),
(439, '28069', 'PTPN-II-0036', 'H', '2019-08-29', '06:47:19', '2019-09-08 16:55:47'),
(440, '28069', 'PTPN-II-0029', 'H', '2019-08-29', '06:47:29', '2019-09-08 16:55:47'),
(441, '28069', 'PTPN-II-0037', 'H', '2019-08-29', '06:47:47', '2019-09-08 16:55:47'),
(442, '28069', 'PTPN-II-0026', 'H', '2019-08-29', '06:47:58', '2019-09-08 16:55:47'),
(443, '28069', 'PTPN-II-0020', 'H', '2019-08-29', '06:48:23', '2019-09-08 16:55:47'),
(444, '28069', 'PTPN-II-0040', 'H', '2019-08-29', '06:48:33', '2019-09-08 16:55:47'),
(445, '28069', 'PTPN-II-0027', 'H', '2019-08-29', '06:49:05', '2019-09-08 16:55:47'),
(446, '28069', 'PTPN-II-0042', 'H', '2019-08-29', '06:49:18', '2019-09-08 16:55:47'),
(447, '28069', 'PTPN-II-0041', 'H', '2019-08-29', '06:49:29', '2019-09-08 16:55:47'),
(448, '28069', 'PTPN-II-0021', 'H', '2019-08-29', '06:49:39', '2019-09-08 16:55:47'),
(449, '28069', 'PTPN-II-0035', 'H', '2019-08-29', '06:50:36', '2019-09-08 16:55:47'),
(450, '28069', 'PTPN-II-0034', 'H', '2019-08-29', '06:50:57', '2019-09-08 16:55:47'),
(451, '28069', 'PTPN-II-0022', 'H', '2019-08-29', '06:51:14', '2019-09-08 16:55:47'),
(452, '28069', 'PTPN-II-0039', 'H', '2019-08-29', '06:51:37', '2019-09-08 16:55:47'),
(453, '28069', 'PTPN-II-0032', 'H', '2019-08-29', '07:02:25', '2019-09-08 16:55:47'),
(454, '28069', 'PTPN-II-0033', 'H', '2019-08-29', '07:02:38', '2019-09-08 16:55:47'),
(455, '28069', 'PTPN-II-0031', 'H', '2019-08-29', '07:02:47', '2019-09-08 16:55:47'),
(456, '28069', 'PTPN-II-0023', 'H', '2019-08-29', '07:10:08', '2019-09-08 16:55:47'),
(457, '28069', 'PTPN-II-0030', 'H', '2019-08-30', '06:50:21', '2019-09-08 16:55:47'),
(458, '28069', 'PTPN-II-0021', 'H', '2019-08-30', '06:50:41', '2019-09-08 16:55:47'),
(459, '28069', 'PTPN-II-0022', 'H', '2019-08-30', '06:50:57', '2019-09-08 16:55:47'),
(460, '28069', 'PTPN-II-0024', 'H', '2019-08-30', '06:51:14', '2019-09-08 16:55:47'),
(461, '28069', 'PTPN-II-0026', 'H', '2019-08-30', '06:51:24', '2019-09-08 16:55:47'),
(462, '28069', 'PTPN-II-0027', 'H', '2019-08-30', '06:51:37', '2019-09-08 16:55:47'),
(463, '28069', 'PTPN-II-0029', 'H', '2019-08-30', '06:52:08', '2019-09-08 16:55:47'),
(464, '28069', 'PTPN-II-0031', 'H', '2019-08-30', '06:52:23', '2019-09-08 16:55:47'),
(465, '28069', 'PTPN-II-0032', 'H', '2019-08-30', '06:52:34', '2019-09-08 16:55:47'),
(466, '28069', 'PTPN-II-0033', 'H', '2019-08-30', '06:52:46', '2019-09-08 16:55:47'),
(467, '28069', 'PTPN-II-0034', 'H', '2019-08-30', '06:52:58', '2019-09-08 16:55:47'),
(468, '28069', 'PTPN-II-0035', 'H', '2019-08-30', '06:53:12', '2019-09-08 16:55:47'),
(469, '28069', 'PTPN-II-0036', 'H', '2019-08-30', '06:53:24', '2019-09-08 16:55:47'),
(470, '28069', 'PTPN-II-0040', 'H', '2019-08-30', '06:53:49', '2019-09-08 16:55:47'),
(471, '28069', 'PTPN-II-0023', 'H', '2019-08-30', '06:54:37', '2019-09-08 16:55:47'),
(472, '28069', 'PTPN-II-0038', 'H', '2019-08-30', '06:55:29', '2019-09-08 16:55:47'),
(473, '28069', 'PTPN-II-0037', 'H', '2019-08-30', '07:03:56', '2019-09-08 16:55:47'),
(474, '28069', 'PTPN-II-0020', 'H', '2019-08-30', '07:04:54', '2019-09-08 16:55:47'),
(475, '28069', 'PTPN-II-0042', 'H', '2019-08-30', '07:15:29', '2019-09-08 16:55:47'),
(476, '28069', 'PTPN-II-0035', 'H', '2019-08-31', '06:35:06', '2019-09-08 16:55:47'),
(477, '28069', 'PTPN-II-0034', 'H', '2019-08-31', '06:35:18', '2019-09-08 16:55:47'),
(478, '28069', 'PTPN-II-0036', 'H', '2019-08-31', '06:47:52', '2019-09-08 16:55:47'),
(479, '28069', 'PTPN-II-0027', 'H', '2019-08-31', '06:48:14', '2019-09-08 16:55:47'),
(480, '28069', 'PTPN-II-0038', 'H', '2019-08-31', '06:48:25', '2019-09-08 16:55:47'),
(481, '28069', 'PTPN-II-0030', 'H', '2019-08-31', '06:48:44', '2019-09-08 16:55:47'),
(482, '28069', 'PTPN-II-0037', 'H', '2019-08-31', '06:48:55', '2019-09-08 16:55:47'),
(483, '28069', 'PTPN-II-0033', 'H', '2019-08-31', '06:49:06', '2019-09-08 16:55:47'),
(484, '28069', 'PTPN-II-0024', 'H', '2019-08-31', '06:49:21', '2019-09-08 16:55:47'),
(485, '28069', 'PTPN-II-0020', 'H', '2019-08-31', '06:49:35', '2019-09-08 16:55:47'),
(486, '28069', 'PTPN-II-0032', 'H', '2019-08-31', '06:50:03', '2019-09-08 16:55:47'),
(487, '28069', 'PTPN-II-0040', 'H', '2019-08-31', '06:50:16', '2019-09-08 16:55:47'),
(488, '28069', 'PTPN-II-0041', 'H', '2019-08-31', '06:50:29', '2019-09-08 16:55:47'),
(489, '28069', 'PTPN-II-0025', 'H', '2019-08-31', '06:50:51', '2019-09-08 16:55:47'),
(490, '28069', 'PTPN-II-0039', 'H', '2019-08-31', '06:51:08', '2019-09-08 16:55:47'),
(491, '28069', 'PTPN-II-0029', 'H', '2019-08-31', '06:51:54', '2019-09-08 16:55:47'),
(492, '28069', 'PTPN-II-0026', 'H', '2019-08-31', '06:52:05', '2019-09-08 16:55:47'),
(493, '28069', 'PTPN-II-0042', 'H', '2019-08-31', '07:18:41', '2019-09-08 16:55:47'),
(494, '28069', 'PTPN-II-0022', 'H', '2019-08-31', '07:18:55', '2019-09-08 16:55:47'),
(495, '28069', 'PTPN-II-0035', 'H', '2019-09-02', '06:39:25', '2019-09-08 16:55:47'),
(496, '28069', 'PTPN-II-0032', 'H', '2019-09-02', '06:42:42', '2019-09-08 16:55:47'),
(497, '28069', 'PTPN-II-0021', 'H', '2019-09-02', '06:44:32', '2019-09-08 16:55:47'),
(498, '28069', 'PTPN-II-0024', 'H', '2019-09-02', '06:44:40', '2019-09-08 16:55:47'),
(499, '28069', 'PTPN-II-0022', 'H', '2019-09-02', '06:45:02', '2019-09-08 16:55:47'),
(500, '28069', 'PTPN-II-0036', 'H', '2019-09-02', '06:45:35', '2019-09-08 16:55:47'),
(501, '28069', 'PTPN-II-0030', 'H', '2019-09-02', '06:46:05', '2019-09-08 16:55:47'),
(502, '28069', 'PTPN-II-0037', 'H', '2019-09-02', '06:46:39', '2019-09-08 16:55:47'),
(503, '28069', 'PTPN-II-0033', 'H', '2019-09-02', '06:47:48', '2019-09-08 16:55:47'),
(504, '28069', 'PTPN-II-0027', 'H', '2019-09-02', '06:48:03', '2019-09-08 16:55:47'),
(505, '28069', 'PTPN-II-0026', 'H', '2019-09-02', '06:48:17', '2019-09-08 16:55:47'),
(506, '28069', 'PTPN-II-0023', 'H', '2019-09-02', '06:51:10', '2019-09-08 16:55:47'),
(507, '28069', 'PTPN-II-0031', 'H', '2019-09-02', '06:53:38', '2019-09-08 16:55:47'),
(508, '28069', 'PTPN-II-0038', 'H', '2019-09-02', '06:53:52', '2019-09-08 16:55:47'),
(509, '28069', 'PTPN-II-0039', 'H', '2019-09-02', '06:54:26', '2019-09-08 16:55:47'),
(510, '28069', 'PTPN-II-0020', 'H', '2019-09-02', '06:55:00', '2019-09-08 16:55:47'),
(511, '28069', 'PTPN-II-0041', 'H', '2019-09-02', '06:58:34', '2019-09-08 16:55:47'),
(512, '28069', 'PTPN-II-0025', 'H', '2019-09-02', '07:00:45', '2019-09-08 16:55:47'),
(513, '28069', 'PTPN-II-0040', 'H', '2019-09-02', '07:02:19', '2019-09-08 16:55:47'),
(514, '28069', 'PTPN-II-0032', 'H', '2019-09-03', '06:46:33', '2019-09-08 16:55:47'),
(515, '28069', 'PTPN-II-0033', 'H', '2019-09-03', '06:47:41', '2019-09-08 16:55:47'),
(516, '28069', 'PTPN-II-0030', 'H', '2019-09-03', '06:47:56', '2019-09-08 16:55:47'),
(517, '28069', 'PTPN-II-0029', 'H', '2019-09-03', '06:48:15', '2019-09-08 16:55:47'),
(518, '28069', 'PTPN-II-0035', 'H', '2019-09-03', '06:48:32', '2019-09-08 16:55:47'),
(519, '28069', 'PTPN-II-0034', 'H', '2019-09-03', '06:48:44', '2019-09-08 16:55:47'),
(520, '28069', 'PTPN-II-0020', 'H', '2019-09-03', '06:52:04', '2019-09-08 16:55:47'),
(521, '28069', 'PTPN-II-0037', 'H', '2019-09-03', '06:52:16', '2019-09-08 16:55:47'),
(522, '28069', 'PTPN-II-0025', 'H', '2019-09-03', '06:53:38', '2019-09-08 16:55:47'),
(523, '28069', 'PTPN-II-0031', 'H', '2019-09-03', '06:55:55', '2019-09-08 16:55:47'),
(524, '28069', 'PTPN-II-0027', 'H', '2019-09-03', '06:56:05', '2019-09-08 16:55:47'),
(525, '28069', 'PTPN-II-0039', 'H', '2019-09-03', '06:57:12', '2019-09-08 16:55:47'),
(526, '28069', 'PTPN-II-0040', 'H', '2019-09-03', '06:59:40', '2019-09-08 16:55:47'),
(527, '28069', 'PTPN-II-0024', 'H', '2019-09-03', '07:03:30', '2019-09-08 16:55:47'),
(528, '28069', 'PTPN-II-0041', 'H', '2019-09-03', '07:04:27', '2019-09-08 16:55:47'),
(529, '28069', 'PTPN-II-0036', 'H', '2019-09-03', '07:04:38', '2019-09-08 16:55:47'),
(530, '28069', 'PTPN-II-0022', 'H', '2019-09-03', '07:04:51', '2019-09-08 16:55:47'),
(531, '28069', 'PTPN-II-0023', 'H', '2019-09-03', '07:05:37', '2019-09-08 16:55:47'),
(532, '28069', 'PTPN-II-0021', 'H', '2019-09-03', '07:34:30', '2019-09-08 16:55:47'),
(533, '28069', 'PTPN-II-0034', 'H', '2019-09-04', '06:40:06', '2019-09-08 16:55:47'),
(534, '28069', 'PTPN-II-0035', 'H', '2019-09-04', '06:40:25', '2019-09-08 16:55:47'),
(535, '28069', 'PTPN-II-0023', 'H', '2019-09-04', '06:40:35', '2019-09-08 16:55:47'),
(536, '28069', 'PTPN-II-0024', 'H', '2019-09-04', '06:41:27', '2019-09-08 16:55:47'),
(537, '28069', 'PTPN-II-0021', 'H', '2019-09-04', '06:41:41', '2019-09-08 16:55:47'),
(538, '28069', 'PTPN-II-0038', 'H', '2019-09-04', '06:44:00', '2019-09-08 16:55:47'),
(539, '28069', 'PTPN-II-0039', 'H', '2019-09-04', '06:44:09', '2019-09-08 16:55:47'),
(540, '28069', 'PTPN-II-0032', 'H', '2019-09-04', '06:45:36', '2019-09-08 16:55:47'),
(541, '28069', 'PTPN-II-0025', 'H', '2019-09-04', '06:45:53', '2019-09-08 16:55:47'),
(542, '28069', 'PTPN-II-0026', 'H', '2019-09-04', '06:47:53', '2019-09-08 16:55:47'),
(543, '28069', 'PTPN-II-0029', 'H', '2019-09-04', '06:48:12', '2019-09-08 16:55:47'),
(544, '28069', 'PTPN-II-0040', 'H', '2019-09-04', '06:48:26', '2019-09-08 16:55:47'),
(545, '28069', 'PTPN-II-0033', 'H', '2019-09-04', '06:48:35', '2019-09-08 16:55:47'),
(546, '28069', 'PTPN-II-0030', 'H', '2019-09-04', '06:48:47', '2019-09-08 16:55:47'),
(547, '28069', 'PTPN-II-0036', 'H', '2019-09-04', '06:49:56', '2019-09-08 16:55:47'),
(548, '28069', 'PTPN-II-0041', 'H', '2019-09-04', '06:55:08', '2019-09-08 16:55:47'),
(549, '28069', 'PTPN-II-0027', 'H', '2019-09-04', '06:55:21', '2019-09-08 16:55:47'),
(550, '28069', 'PTPN-II-0031', 'H', '2019-09-04', '06:56:28', '2019-09-08 16:55:47'),
(551, '28069', 'PTPN-II-0042', 'H', '2019-09-04', '07:07:34', '2019-09-08 16:55:47'),
(552, '28069', 'PTPN-II-0038', 'H', '2019-09-05', '07:41:44', '2019-09-08 16:55:47'),
(553, '28069', 'PTPN-II-0024', 'H', '2019-09-05', '07:41:56', '2019-09-08 16:55:47'),
(554, '28069', 'PTPN-II-0039', 'H', '2019-09-05', '07:42:03', '2019-09-08 16:55:47'),
(555, '28069', 'PTPN-II-0022', 'H', '2019-09-05', '07:42:20', '2019-09-08 16:55:47'),
(556, '28069', 'PTPN-II-0025', 'H', '2019-09-05', '07:42:39', '2019-09-08 16:55:47'),
(557, '28069', 'PTPN-II-0037', 'H', '2019-09-05', '07:42:47', '2019-09-08 16:55:47'),
(558, '28069', 'PTPN-II-0031', 'H', '2019-09-05', '07:42:58', '2019-09-08 16:55:47'),
(559, '28069', 'PTPN-II-0033', 'H', '2019-09-05', '07:43:10', '2019-09-08 16:55:47'),
(560, '28069', 'PTPN-II-0023', 'H', '2019-09-05', '07:43:34', '2019-09-08 16:55:47'),
(561, '28069', 'PTPN-II-0036', 'H', '2019-09-05', '07:43:44', '2019-09-08 16:55:47'),
(562, '28069', 'PTPN-II-0030', 'H', '2019-09-05', '07:43:56', '2019-09-08 16:55:47'),
(563, '28069', 'PTPN-II-0034', 'H', '2019-09-05', '07:44:14', '2019-09-08 16:55:47'),
(564, '28069', 'PTPN-II-0035', 'H', '2019-09-05', '07:44:31', '2019-09-08 16:55:47'),
(565, '28069', 'PTPN-II-0032', 'H', '2019-09-05', '07:44:45', '2019-09-08 16:55:47'),
(566, '28069', 'PTPN-II-0026', 'H', '2019-09-05', '07:44:58', '2019-09-08 16:55:47'),
(567, '28069', 'PTPN-II-0021', 'H', '2019-09-05', '07:45:14', '2019-09-08 16:55:47'),
(568, '28069', 'PTPN-II-0020', 'H', '2019-09-05', '07:45:24', '2019-09-08 16:55:47'),
(569, '28069', 'PTPN-II-0040', 'H', '2019-09-05', '07:45:39', '2019-09-08 16:55:47'),
(570, '28069', 'PTPN-II-0042', 'H', '2019-09-05', '07:46:28', '2019-09-08 16:55:47'),
(571, '28069', 'PTPN-II-0029', 'H', '2019-09-05', '07:46:36', '2019-09-08 16:55:47'),
(572, '28069', 'PTPN-II-0041', 'H', '2019-09-06', '06:34:18', '2019-09-08 16:55:47'),
(573, '28069', 'PTPN-II-0021', 'H', '2019-09-06', '06:34:59', '2019-09-08 16:55:47'),
(574, '28069', 'PTPN-II-0035', 'H', '2019-09-06', '06:35:34', '2019-09-08 16:55:47'),
(575, '28069', 'PTPN-II-0034', 'H', '2019-09-06', '06:38:20', '2019-09-08 16:55:47'),
(576, '28069', 'PTPN-II-0036', 'H', '2019-09-06', '06:44:12', '2019-09-08 16:55:47'),
(577, '28069', 'PTPN-II-0030', 'H', '2019-09-06', '06:44:54', '2019-09-08 16:55:47'),
(578, '28069', 'PTPN-II-0032', 'H', '2019-09-06', '06:45:30', '2019-09-08 16:55:47'),
(579, '28069', 'PTPN-II-0037', 'H', '2019-09-06', '06:45:49', '2019-09-08 16:55:47'),
(580, '28069', 'PTPN-II-0026', 'H', '2019-09-06', '06:47:35', '2019-09-08 16:55:47'),
(581, '28069', 'PTPN-II-0031', 'H', '2019-09-06', '06:47:49', '2019-09-08 16:55:47'),
(582, '28069', 'PTPN-II-0022', 'H', '2019-09-06', '06:47:58', '2019-09-08 16:55:47'),
(583, '28069', 'PTPN-II-0025', 'H', '2019-09-06', '06:48:27', '2019-09-08 16:55:47'),
(584, '28069', 'PTPN-II-0024', 'H', '2019-09-06', '06:48:54', '2019-09-08 16:55:47'),
(585, '28069', 'PTPN-II-0039', 'H', '2019-09-06', '06:49:12', '2019-09-08 16:55:47'),
(586, '28069', 'PTPN-II-0020', 'H', '2019-09-06', '06:50:29', '2019-09-08 16:55:47'),
(587, '28069', 'PTPN-II-0029', 'H', '2019-09-06', '06:51:27', '2019-09-08 16:55:47'),
(588, '28069', 'PTPN-II-0033', 'H', '2019-09-06', '07:11:37', '2019-09-08 16:55:47'),
(589, '28069', 'PTPN-II-0040', 'H', '2019-09-06', '07:11:51', '2019-09-08 16:55:47'),
(590, '28069', 'PTPN-II-0023', 'H', '2019-09-06', '07:12:05', '2019-09-08 16:55:47'),
(591, '28069', 'PTPN-II-0038', 'H', '2019-09-06', '07:19:19', '2019-09-08 16:55:47'),
(592, '', ' Bro...', 'H', '2019-09-07', '07:03:14', '2019-09-08 16:55:47'),
(593, '28069', 'PTPN-II-0025', 'H', '2019-09-07', '07:06:16', '2019-09-08 16:55:47'),
(594, '28069', 'PTPN-II-0034', 'H', '2019-09-07', '07:06:29', '2019-09-08 16:55:47'),
(595, '28069', 'PTPN-II-0030', 'H', '2019-09-07', '07:06:38', '2019-09-08 16:55:47'),
(596, '28069', 'PTPN-II-0035', 'H', '2019-09-07', '07:06:45', '2019-09-08 16:55:47');
INSERT INTO `tbl_absen` (`id`, `id_mandor`, `id_absen`, `kehadiran`, `tanggal`, `jam`, `creat_att`) VALUES
(597, '28069', 'PTPN-II-0022', 'H', '2019-09-07', '07:06:52', '2019-09-08 16:55:47'),
(598, '28069', 'PTPN-II-0038', 'H', '2019-09-07', '07:07:05', '2019-09-08 16:55:47'),
(599, '28069', 'PTPN-II-0040', 'H', '2019-09-07', '07:07:12', '2019-09-08 16:55:47'),
(600, '28069', 'PTPN-II-0021', 'H', '2019-09-07', '07:07:19', '2019-09-08 16:55:47'),
(601, '28069', 'PTPN-II-0029', 'H', '2019-09-07', '07:07:27', '2019-09-08 16:55:47'),
(602, '28069', 'PTPN-II-0020', 'H', '2019-09-07', '07:07:32', '2019-09-08 16:55:47'),
(603, '28069', 'PTPN-II-0027', 'H', '2019-09-07', '07:07:44', '2019-09-08 16:55:47'),
(604, '28069', 'PTPN-II-0023', 'H', '2019-09-07', '07:07:50', '2019-09-08 16:55:47'),
(605, '28069', 'PTPN-II-0037', 'H', '2019-09-07', '07:07:57', '2019-09-08 16:55:47'),
(606, '28069', 'PTPN-II-0032', 'H', '2019-09-07', '07:08:08', '2019-09-08 16:55:47'),
(607, '28069', 'PTPN-II-0024', 'H', '2019-09-07', '07:08:15', '2019-09-08 16:55:47'),
(608, '28069', 'PTPN-II-0026', 'H', '2019-09-07', '07:08:21', '2019-09-08 16:55:47'),
(609, '28069', 'PTPN-II-0039', 'H', '2019-09-07', '07:08:27', '2019-09-08 16:55:47'),
(610, '28069', 'PTPN-II-0041', 'H', '2019-09-07', '07:08:33', '2019-09-08 16:55:47'),
(611, '28069', 'PTPN-II-0042', 'H', '2019-09-07', '07:08:39', '2019-09-08 16:55:47'),
(612, '28069', 'PTPN-II-0031', 'H', '2019-09-07', '07:08:46', '2019-09-08 16:55:47'),
(613, '28069', 'PTPN-II-0033', 'H', '2019-09-07', '07:16:34', '2019-09-08 16:55:47'),
(614, '28069', 'PTPN-II-0034', 'H', '2019-09-09', '06:42:22', '2019-09-08 23:42:22'),
(615, '28069', 'PTPN-II-0035', 'H', '2019-09-09', '06:46:47', '2019-09-08 23:46:47'),
(616, '28069', 'PTPN-II-0032', 'H', '2019-09-09', '06:47:46', '2019-09-08 23:47:46'),
(617, '28069', 'PTPN-II-0029', 'H', '2019-09-09', '06:48:13', '2019-09-08 23:48:13'),
(618, '28069', 'PTPN-II-0026', 'H', '2019-09-09', '06:52:01', '2019-09-08 23:52:01'),
(619, '28069', 'PTPN-II-0024', 'H', '2019-09-09', '06:52:24', '2019-09-08 23:52:24'),
(620, '28069', 'PTPN-II-0022', 'H', '2019-09-09', '06:52:47', '2019-09-08 23:52:47'),
(621, '28069', 'PTPN-II-0037', 'H', '2019-09-09', '06:54:24', '2019-09-08 23:54:24'),
(622, '28069', 'PTPN-II-0027', 'H', '2019-09-09', '06:55:06', '2019-09-08 23:55:06'),
(623, '28069', 'PTPN-II-0039', 'H', '2019-09-09', '06:56:04', '2019-09-08 23:56:04'),
(624, '28069', 'PTPN-II-0031', 'H', '2019-09-09', '06:56:36', '2019-09-08 23:56:36'),
(625, '28069', 'PTPN-II-0030', 'H', '2019-09-09', '07:06:47', '2019-09-09 00:06:47'),
(626, '28069', 'PTPN-II-0036', 'H', '2019-09-09', '07:07:05', '2019-09-09 00:07:05'),
(627, '28069', 'PTPN-II-0038', 'H', '2019-09-09', '07:07:25', '2019-09-09 00:07:25'),
(628, '28069', 'PTPN-II-0020', 'H', '2019-09-09', '07:07:33', '2019-09-09 00:07:33'),
(629, '28069', 'PTPN-II-0021', 'H', '2019-09-09', '07:07:42', '2019-09-09 00:07:42'),
(630, '28069', 'PTPN-II-0033', 'H', '2019-09-09', '07:10:51', '2019-09-09 00:10:51'),
(631, '28069', 'PTPN-II-0040', 'H', '2019-09-09', '07:13:40', '2019-09-09 00:13:40'),
(632, '28069', 'PTPN-II-0023', 'H', '2019-09-09', '07:13:51', '2019-09-09 00:13:51'),
(633, '28069', 'PTPN-II-0042', 'H', '2019-09-09', '07:21:55', '2019-09-09 00:21:55'),
(634, '28069', 'PTPN-II-0035', 'H', '2019-09-10', '06:48:39', '2019-09-09 23:48:39'),
(635, '28069', 'PTPN-II-0027', 'H', '2019-09-10', '06:48:48', '2019-09-09 23:48:48'),
(636, '28069', 'PTPN-II-0034', 'H', '2019-09-10', '06:48:57', '2019-09-09 23:48:57'),
(637, '28069', 'PTPN-II-0029', 'H', '2019-09-10', '06:49:15', '2019-09-09 23:49:15'),
(638, '28069', 'PTPN-II-0030', 'H', '2019-09-10', '06:49:50', '2019-09-09 23:49:50'),
(639, '28069', 'PTPN-II-0022', 'H', '2019-09-10', '06:49:59', '2019-09-09 23:49:59'),
(640, '28069', 'PTPN-II-0026', 'H', '2019-09-10', '06:50:08', '2019-09-09 23:50:08'),
(641, '28069', 'PTPN-II-0023', 'H', '2019-09-10', '06:51:23', '2019-09-09 23:51:23'),
(642, '28069', 'PTPN-II-0039', 'H', '2019-09-10', '06:51:48', '2019-09-09 23:51:48'),
(643, '28069', 'PTPN-II-0036', 'H', '2019-09-10', '06:52:27', '2019-09-09 23:52:27'),
(644, '28069', 'PTPN-II-0038', 'H', '2019-09-10', '06:53:32', '2019-09-09 23:53:32'),
(645, '28069', 'PTPN-II-0042', 'H', '2019-09-10', '06:53:52', '2019-09-09 23:53:52'),
(646, '28069', 'PTPN-II-0041', 'H', '2019-09-10', '06:54:05', '2019-09-09 23:54:05'),
(647, '28069', 'PTPN-II-0037', 'H', '2019-09-10', '06:54:46', '2019-09-09 23:54:46'),
(648, '28069', 'PTPN-II-0040', 'H', '2019-09-10', '06:55:09', '2019-09-09 23:55:09'),
(649, '28069', 'PTPN-II-0020', 'H', '2019-09-10', '06:56:22', '2019-09-09 23:56:22'),
(650, '28069', 'PTPN-II-0021', 'H', '2019-09-10', '06:57:22', '2019-09-09 23:57:22'),
(651, '28069', 'PTPN-II-0031', 'H', '2019-09-10', '07:01:55', '2019-09-10 00:01:55'),
(652, '28069', 'PTPN-II-0033', 'H', '2019-09-10', '07:02:45', '2019-09-10 00:02:45'),
(653, '28069', 'PTPN-II-0025', 'H', '2019-09-10', '07:36:38', '2019-09-10 00:36:38'),
(654, '28069', 'PTPN-II-0024', 'H', '2019-09-10', '07:36:56', '2019-09-10 00:36:56'),
(655, '28069', 'PTPN-II-0025', 'H', '2019-09-11', '07:06:51', '2019-09-11 00:06:51'),
(656, '28069', 'PTPN-II-0024', 'H', '2019-09-11', '07:07:05', '2019-09-11 00:07:05'),
(657, '28069', 'PTPN-II-0035', 'H', '2019-09-11', '07:07:20', '2019-09-11 00:07:20'),
(658, '28069', 'PTPN-II-0022', 'H', '2019-09-11', '07:07:29', '2019-09-11 00:07:29'),
(659, '28069', 'PTPN-II-0037', 'H', '2019-09-11', '07:07:36', '2019-09-11 00:07:36'),
(660, '28069', 'PTPN-II-0020', 'H', '2019-09-11', '07:07:58', '2019-09-11 00:07:58'),
(661, '28069', 'PTPN-II-0027', 'H', '2019-09-11', '07:08:06', '2019-09-11 00:08:06'),
(662, '28069', 'PTPN-II-0021', 'H', '2019-09-11', '07:08:12', '2019-09-11 00:08:12'),
(663, '28069', 'PTPN-II-0030', 'H', '2019-09-11', '07:08:21', '2019-09-11 00:08:21'),
(664, '28069', 'PTPN-II-0036', 'H', '2019-09-11', '07:08:28', '2019-09-11 00:08:28'),
(665, '28069', 'PTPN-II-0032', 'H', '2019-09-11', '07:08:33', '2019-09-11 00:08:33'),
(666, '28069', 'PTPN-II-0034', 'H', '2019-09-11', '07:08:41', '2019-09-11 00:08:41'),
(667, '28069', 'PTPN-II-0029', 'H', '2019-09-11', '07:08:47', '2019-09-11 00:08:47'),
(668, '28069', 'PTPN-II-0033', 'H', '2019-09-11', '07:08:54', '2019-09-11 00:08:54'),
(669, '28069', 'PTPN-II-0031', 'H', '2019-09-11', '07:09:01', '2019-09-11 00:09:01'),
(670, '28069', 'PTPN-II-0039', 'H', '2019-09-11', '07:09:10', '2019-09-11 00:09:10'),
(671, '28069', 'PTPN-II-0040', 'H', '2019-09-11', '07:09:16', '2019-09-11 00:09:16'),
(672, '28069', 'PTPN-II-0023', 'H', '2019-09-11', '07:15:55', '2019-09-11 00:15:55'),
(673, '28069', 'PTPN-II-0041', 'H', '2019-09-11', '07:29:05', '2019-09-11 00:29:05'),
(674, '28069', 'PTPN-II-0042', 'H', '2019-09-11', '07:29:16', '2019-09-11 00:29:16'),
(675, '28069', 'PTPN-II-0035', 'H', '2019-09-12', '06:39:53', '2019-09-11 23:39:53'),
(676, '28069', 'PTPN-II-0021', 'H', '2019-09-12', '06:40:19', '2019-09-11 23:40:19'),
(677, '28069', 'PTPN-II-0034', 'H', '2019-09-12', '06:40:34', '2019-09-11 23:40:34'),
(678, '28069', 'PTPN-II-0029', 'H', '2019-09-12', '06:42:17', '2019-09-11 23:42:17'),
(679, '28069', 'PTPN-II-0033', 'H', '2019-09-12', '06:42:30', '2019-09-11 23:42:30'),
(680, '28069', 'PTPN-II-0032', 'H', '2019-09-12', '06:43:49', '2019-09-11 23:43:49'),
(681, '28069', 'PTPN-II-0025', 'H', '2019-09-12', '06:44:11', '2019-09-11 23:44:11'),
(682, '28069', 'PTPN-II-0022', 'H', '2019-09-12', '06:45:39', '2019-09-11 23:45:39'),
(683, '28069', 'PTPN-II-0036', 'H', '2019-09-12', '06:45:54', '2019-09-11 23:45:54'),
(684, '28069', 'PTPN-II-0037', 'H', '2019-09-12', '06:46:10', '2019-09-11 23:46:10'),
(685, '28069', 'PTPN-II-0030', 'H', '2019-09-12', '06:47:06', '2019-09-11 23:47:06'),
(686, '28069', 'PTPN-II-0026', 'H', '2019-09-12', '06:48:09', '2019-09-11 23:48:09'),
(687, '28069', 'PTPN-II-0020', 'H', '2019-09-12', '06:55:31', '2019-09-11 23:55:31'),
(688, '28069', 'PTPN-II-0027', 'H', '2019-09-12', '06:55:42', '2019-09-11 23:55:42'),
(689, '28069', 'PTPN-II-0039', 'H', '2019-09-12', '06:56:01', '2019-09-11 23:56:01'),
(690, '28069', 'PTPN-II-0040', 'H', '2019-09-12', '06:56:15', '2019-09-11 23:56:15'),
(691, '28069', 'PTPN-II-0042', 'H', '2019-09-12', '06:56:27', '2019-09-11 23:56:27'),
(692, '28069', 'PTPN-II-0041', 'H', '2019-09-12', '06:56:48', '2019-09-11 23:56:48'),
(693, '28069', 'PTPN-II-0031', 'H', '2019-09-12', '07:01:03', '2019-09-12 00:01:03'),
(694, '', ' Bro...', 'H', '2019-09-12', '07:10:37', '2019-09-12 00:10:37'),
(695, '28069', 'PTPN-II-0024', 'H', '2019-09-12', '07:24:41', '2019-09-12 00:24:41'),
(696, '28069', 'PTPN-II-0034', 'H', '2019-09-13', '06:32:10', '2019-09-12 23:32:10'),
(697, '28069', 'PTPN-II-0021', 'H', '2019-09-13', '06:34:28', '2019-09-12 23:34:28'),
(698, '28069', 'PTPN-II-0035', 'H', '2019-09-13', '06:37:26', '2019-09-12 23:37:26'),
(699, '28069', 'PTPN-II-0032', 'H', '2019-09-13', '06:38:26', '2019-09-12 23:38:26'),
(700, '28069', 'PTPN-II-0033', 'H', '2019-09-13', '06:38:38', '2019-09-12 23:38:38'),
(701, '28069', 'PTPN-II-0027', 'H', '2019-09-13', '06:38:50', '2019-09-12 23:38:50'),
(702, '28069', 'PTPN-II-0037', 'H', '2019-09-13', '07:02:06', '2019-09-13 00:02:06'),
(703, '28069', 'PTPN-II-0031', 'H', '2019-09-13', '07:02:15', '2019-09-13 00:02:15'),
(704, '28069', 'PTPN-II-0020', 'H', '2019-09-13', '07:02:26', '2019-09-13 00:02:26'),
(705, '28069', 'PTPN-II-0038', 'H', '2019-09-13', '07:02:35', '2019-09-13 00:02:35'),
(706, '28069', 'PTPN-II-0022', 'H', '2019-09-13', '07:02:44', '2019-09-13 00:02:44'),
(707, '28069', 'PTPN-II-0029', 'H', '2019-09-13', '07:02:53', '2019-09-13 00:02:53'),
(708, '28069', 'PTPN-II-0026', 'H', '2019-09-13', '07:03:01', '2019-09-13 00:03:01'),
(709, '28069', 'PTPN-II-0025', 'H', '2019-09-13', '07:03:08', '2019-09-13 00:03:08'),
(710, '28069', 'PTPN-II-0030', 'H', '2019-09-13', '07:03:16', '2019-09-13 00:03:16'),
(711, '28069', 'PTPN-II-0036', 'H', '2019-09-13', '07:03:25', '2019-09-13 00:03:25'),
(712, '28069', 'PTPN-II-0042', 'H', '2019-09-13', '07:03:31', '2019-09-13 00:03:31'),
(713, '', ' Bro...', 'H', '2019-09-13', '07:04:38', '2019-09-13 00:04:38'),
(714, '28069', 'PTPN-II-0024', 'H', '2019-09-13', '07:05:47', '2019-09-13 00:05:47'),
(715, '28069', 'PTPN-II-0040', 'H', '2019-09-13', '07:07:53', '2019-09-13 00:07:53'),
(716, '', ' Bro...', 'H', '2019-09-14', '06:33:10', '2019-09-13 23:33:10'),
(717, '28069', 'PTPN-II-0021', 'H', '2019-09-14', '06:36:32', '2019-09-13 23:36:32'),
(718, '28069', 'PTPN-II-0034', 'H', '2019-09-14', '06:36:44', '2019-09-13 23:36:44'),
(719, '28069', 'PTPN-II-0035', 'H', '2019-09-14', '06:36:52', '2019-09-13 23:36:52'),
(720, '28069', 'PTPN-II-0032', 'H', '2019-09-14', '06:39:16', '2019-09-13 23:39:16'),
(721, '28069', 'PTPN-II-0029', 'H', '2019-09-14', '06:41:32', '2019-09-13 23:41:32'),
(722, '28069', 'PTPN-II-0037', 'H', '2019-09-14', '06:43:26', '2019-09-13 23:43:26'),
(723, '28069', 'PTPN-II-0026', 'H', '2019-09-14', '06:44:13', '2019-09-13 23:44:13'),
(724, '28069', 'PTPN-II-0030', 'H', '2019-09-14', '06:44:26', '2019-09-13 23:44:26'),
(725, '28069', 'PTPN-II-0025', 'H', '2019-09-14', '06:44:37', '2019-09-13 23:44:37'),
(726, '28069', 'PTPN-II-0036', 'H', '2019-09-14', '06:45:03', '2019-09-13 23:45:03'),
(727, '28069', 'PTPN-II-0022', 'H', '2019-09-14', '06:46:18', '2019-09-13 23:46:18'),
(728, '28069', 'PTPN-II-0033', 'H', '2019-09-14', '06:48:26', '2019-09-13 23:48:26'),
(729, '28069', 'PTPN-II-0031', 'H', '2019-09-14', '06:52:39', '2019-09-13 23:52:39'),
(730, '28069', 'PTPN-II-0020', 'H', '2019-09-14', '06:53:16', '2019-09-13 23:53:16'),
(731, '28069', 'PTPN-II-0038', 'H', '2019-09-14', '06:56:17', '2019-09-13 23:56:17'),
(732, '28069', 'PTPN-II-0027', 'H', '2019-09-14', '07:02:11', '2019-09-14 00:02:11'),
(733, '28069', 'PTPN-II-0023', 'H', '2019-09-14', '07:08:33', '2019-09-14 00:08:33'),
(734, '28069', 'PTPN-II-0042', 'H', '2019-09-14', '07:08:49', '2019-09-14 00:08:49'),
(735, '28069', 'PTPN-II-0040', 'H', '2019-09-14', '07:08:55', '2019-09-14 00:08:55'),
(736, '28069', 'PTPN-II-0041', 'H', '2019-09-14', '07:09:04', '2019-09-14 00:09:04'),
(737, '28069', 'PTPN-II-0024', 'H', '2019-09-14', '08:43:46', '2019-09-14 01:43:46'),
(738, '28069', 'PTPN-II-0030', 'H', '2019-09-15', '07:14:23', '2019-09-15 00:14:23'),
(739, '28069', 'PTPN-II-0032', 'H', '2019-09-15', '07:14:33', '2019-09-15 00:14:33'),
(740, '28069', 'PTPN-II-0034', 'H', '2019-09-15', '07:14:43', '2019-09-15 00:14:43'),
(741, '28069', 'PTPN-II-0041', 'H', '2019-09-15', '07:15:01', '2019-09-15 00:15:01'),
(742, '28069', 'PTPN-II-0021', 'H', '2019-09-15', '07:15:28', '2019-09-15 00:15:28'),
(743, '28069', 'PTPN-II-0022', 'H', '2019-09-15', '07:16:29', '2019-09-15 00:16:29'),
(744, '28069', 'PTPN-II-0038', 'H', '2019-09-15', '07:16:41', '2019-09-15 00:16:41'),
(745, '28069', 'PTPN-II-0025', 'H', '2019-09-15', '07:16:51', '2019-09-15 00:16:51'),
(746, '28069', 'PTPN-II-0035', 'H', '2019-09-15', '07:17:10', '2019-09-15 00:17:10'),
(747, '28069', 'PTPN-II-0027', 'H', '2019-09-15', '07:17:37', '2019-09-15 00:17:37'),
(748, '28069', 'PTPN-II-0031', 'H', '2019-09-15', '07:53:27', '2019-09-15 00:53:27'),
(749, '28069', 'PTPN-II-0023', 'H', '2019-09-16', '06:50:20', '2019-09-15 23:50:20'),
(750, '28069', 'PTPN-II-0026', 'H', '2019-09-16', '06:50:28', '2019-09-15 23:50:28'),
(751, '28069', 'PTPN-II-0037', 'H', '2019-09-16', '06:50:37', '2019-09-15 23:50:37'),
(752, '28069', 'PTPN-II-0020', 'H', '2019-09-16', '06:50:51', '2019-09-15 23:50:51'),
(753, '28069', 'PTPN-II-0039', 'H', '2019-09-16', '06:50:58', '2019-09-15 23:50:58'),
(754, '28069', 'PTPN-II-0031', 'H', '2019-09-16', '06:51:22', '2019-09-15 23:51:22'),
(755, '28069', 'PTPN-II-0025', 'H', '2019-09-16', '06:51:55', '2019-09-15 23:51:55'),
(756, '28069', 'PTPN-II-0021', 'H', '2019-09-16', '06:52:08', '2019-09-15 23:52:08'),
(757, '28069', 'PTPN-II-0027', 'H', '2019-09-16', '06:53:07', '2019-09-15 23:53:07'),
(758, '28069', 'PTPN-II-0034', 'H', '2019-09-16', '06:53:22', '2019-09-15 23:53:22'),
(759, '28069', 'PTPN-II-0024', 'H', '2019-09-16', '06:57:52', '2019-09-15 23:57:52'),
(760, '28069', 'PTPN-II-0040', 'H', '2019-09-16', '06:57:56', '2019-09-15 23:57:56'),
(761, '28069', 'PTPN-II-0032', 'H', '2019-09-16', '06:58:21', '2019-09-15 23:58:21'),
(762, '28069', 'PTPN-II-0041', 'H', '2019-09-16', '07:02:14', '2019-09-16 00:02:14'),
(763, '28069', 'PTPN-II-0042', 'H', '2019-09-16', '07:02:22', '2019-09-16 00:02:22'),
(764, '28069', 'PTPN-II-0022', 'H', '2019-09-16', '07:04:27', '2019-09-16 00:04:27'),
(765, '28069', 'PTPN-II-0035', 'H', '2019-09-16', '07:04:38', '2019-09-16 00:04:38'),
(766, '28069', 'PTPN-II-0030', 'H', '2019-09-16', '07:04:53', '2019-09-16 00:04:53'),
(767, '28069', 'PTPN-II-0038', 'H', '2019-09-16', '07:31:17', '2019-09-16 00:31:17'),
(768, '28069', 'PTPN-II-0033', 'H', '2019-09-17', '06:45:54', '2019-09-16 23:45:54'),
(769, '28069', 'PTPN-II-0039', 'H', '2019-09-17', '06:46:11', '2019-09-16 23:46:11'),
(770, '28069', 'PTPN-II-0032', 'H', '2019-09-17', '06:46:20', '2019-09-16 23:46:20'),
(771, '28069', 'PTPN-II-0020', 'H', '2019-09-17', '06:46:33', '2019-09-16 23:46:33'),
(772, '28069', 'PTPN-II-0025', 'H', '2019-09-17', '06:46:45', '2019-09-16 23:46:45'),
(773, '28069', 'PTPN-II-0023', 'H', '2019-09-17', '06:46:53', '2019-09-16 23:46:53'),
(774, '28069', 'PTPN-II-0026', 'H', '2019-09-17', '06:47:01', '2019-09-16 23:47:01'),
(775, '28069', 'PTPN-II-0022', 'H', '2019-09-17', '06:47:11', '2019-09-16 23:47:11'),
(776, '28069', 'PTPN-II-0027', 'H', '2019-09-17', '06:47:20', '2019-09-16 23:47:20'),
(777, '28069', 'PTPN-II-0034', 'H', '2019-09-17', '06:47:29', '2019-09-16 23:47:29'),
(778, '28069', 'PTPN-II-0035', 'H', '2019-09-17', '06:47:35', '2019-09-16 23:47:35'),
(779, '28069', 'PTPN-II-0036', 'H', '2019-09-17', '06:48:47', '2019-09-16 23:48:47'),
(780, '28069', 'PTPN-II-0030', 'H', '2019-09-17', '06:49:09', '2019-09-16 23:49:09'),
(781, '28069', 'PTPN-II-0024', 'H', '2019-09-17', '06:49:25', '2019-09-16 23:49:25'),
(782, '28069', 'PTPN-II-0041', 'H', '2019-09-17', '06:52:32', '2019-09-16 23:52:32'),
(783, '28069', 'PTPN-II-0042', 'H', '2019-09-17', '06:52:43', '2019-09-16 23:52:43'),
(784, '28069', 'PTPN-II-0021', 'H', '2019-09-17', '06:52:51', '2019-09-16 23:52:51'),
(785, '28069', 'PTPN-II-0037', 'H', '2019-09-17', '06:53:49', '2019-09-16 23:53:49'),
(786, '28069', 'PTPN-II-0038', 'H', '2019-09-17', '06:55:35', '2019-09-16 23:55:35'),
(787, '28069', 'PTPN-II-0040', 'H', '2019-09-17', '06:59:30', '2019-09-16 23:59:30'),
(788, '28069', 'PTPN-II-0031', 'H', '2019-09-17', '07:25:18', '2019-09-17 00:25:18');

-- --------------------------------------------------------

--
-- Struktur dari tabel `tbl_admin`
--

CREATE TABLE `tbl_admin` (
  `id` int(11) NOT NULL,
  `nama_lengkap` varchar(222) NOT NULL,
  `email` varchar(222) NOT NULL,
  `password` varchar(222) NOT NULL,
  `role` varchar(222) NOT NULL,
  `status` enum('N','Y') NOT NULL,
  `photo` varchar(222) NOT NULL,
  `token` varchar(222) NOT NULL
) ENGINE=InnoDB DEFAULT CHARSET=latin1;

--
-- Dumping data untuk tabel `tbl_admin`
--

INSERT INTO `tbl_admin` (`id`, `nama_lengkap`, `email`, `password`, `role`, `status`, `photo`, `token`) VALUES
(1, 'Admin Super', 'admin@uma.ac.id', '$2y$10$SftkIStj1meXzUFvPZGr9uPUHsxLakcdnrC5mGctpbOdwAZiQQSS6', 's_admin', 'Y', 'e4d7ac120105631bbf653f2c0fcd8940.jpg', '11111'),
(44, 'Distrik Rayon Selatan', 'distrik3@gmail.com', '$2y$10$g5IncaggpyngEC6BzdpzpODbfLnuufq/V8tLSakAnDGL2Cx7lvjWq', 'distrik', 'Y', '5c497e8e9c545e38de7875ba55f838bd.jpg', '86930'),
(45, 'Distrik Rayon Utara', 'distrik1@gmail.com', '$2y$10$I/5u8d0j0.OkW7oXPPJXgeIYXkXITrfP3FlhN2mW0HmRhu35eSoLi', 'distrik', 'Y', 'd8f2044d5245e945d00d00bb2e84c3e1.jpg', '63542'),
(47, 'Kerani Askep TGP', 'keraniaskeptgp@gmail.com', '$2y$10$EWm0dydmRfD5o/Xg/650mOA5EJfGWpVpblpYQUz.h3ZK8haOxNkDC', 'k_askep', 'Y', 'c1f5ab810943824316a0dc918eff0de2.jpg', '32078'),
(48, 'Edy Syahputra', 'edysyahputra@gmail.com', '$2y$10$YeyJ6xr3zY3Iru5KcK7CbeOtgQbwNygPrblnSLLQ3J2w5/N1BRXFu', 'kerani_kcs', 'Y', '15a82e28193d48a60a60f6f88cb41b82.jpg', '89326'),
(49, 'Abdul Manan Siregar', 'mandorpanen@gmail.com', '$2y$10$9lG/UGFxK1jtG0BNRN4QsO6Hnew3pwZri/2URAD/D5YEtJ.LkWLWm', 'm_kebun', 'Y', 'de8ab3a23d2e0df21e831a8ab6011033.jpg', '28069'),
(50, 'KCS2', 'kcs2@gmail.com', '$2y$10$sPHcVuzgCqAAlZ9NzKYS/OsMVUqz1cU/Kc.FSfLu0dJibepMFzncy', 'kerani_kcs', 'Y', '9acb74385c01688f4acd8823214da524.jpg', '38176'),
(51, 'Mandor Panen 2', 'mandorpanen2@gmail.com', '$2y$10$fbttYuVJ3yFgxh3wTkkSGuo8PBR1iizAQLoog49SN5w2s1mAELkia', 'm_kebun', 'Y', '7a504e10efaf98696e8d27b45d5f5bb9.jpg', '81563'),
(52, 'Riki Afriansyah', 'kcs3@gmail.com', '$2y$10$Zwb6jXjpcwoJSW7GnquPkeLYcCYQacRHHYicAOn2dToMV.7.Py10S', 'kerani_kcs', 'Y', 'bc6dbc92ca52727fa795d611ee3ab40b.jpg', '24509'),
(53, 'Eko Surianto', 'mandorpanen3@gmail.com', '$2y$10$3032TM6zcXLhb7VKdsgZ0.KaUR/488A.phs9mb28QWWhXPlWffCVu', 'm_kebun', 'Y', '33b2a88ca3488eb6b87e43dbae689ed5.jpeg', '41786'),
(54, 'Bambang Harianto', 'kcs4@gmail.com', '$2y$10$CluS9ehmaCQiAS9M1Rj3VOxf5km42JCVveX.hwt0sFLH6GLJnlEbq', 'kerani_kcs', 'Y', '07936d1b4193374f3cd90fbb9aea1902.jpg', '70681'),
(55, 'WAGIMIN', 'kcs5@gmail.com', '$2y$10$3DwcRX6jwOk3vM7lfAzfG.qZorRBt5ecmPwn8i5HIlA0NO5wxn5z6', 'kerani_kcs', 'Y', '830b6790949f01d2fcb0e68e5658339e.jpg', '70154'),
(56, 'PARIMIN', 'kcs6@gmail.com', '$2y$10$Ybo01HRxPkYvTmYohYGje.rZm0A7DgL.EKN0kTEGkc26jfcWquxlS', 'kerani_kcs', 'Y', 'fec0470382ccf45b1ec8e5f4a0815971.jpg', '89457'),
(57, 'KCS7', 'kcs7@gmail.com', '$2y$10$52TIqzXUNPOruK76rN33puviDa24WJ5PhYavY34s.3z8FPzpftOGK', 'kerani_kcs', 'Y', '84e120e2e252ef1e5cc513539cd5d2b2.jpg', '27896'),
(58, 'Syahnan D Lubis', 'mandorpanen4@gmail.com', '$2y$10$dVRMNT69YpgTLAHDUiWfauXnwcRcppJv1YUsHdodGGIwlwpyNCByK', 'm_kebun', 'Y', '675467a05380d20b5b1dad931eeb3c46.jpg', '28543'),
(59, 'T. HAMDAN', 'mandorpanen5@gmail.com', '$2y$10$K6DlMb5e3W4otePrBNnY..E4TBsTU.SXEjzIlTLo0xPuDu.EcFBdC', 'm_kebun', 'Y', '62f92d1c3a46f2ddb9dfbf30e37e7dae.jpg', '91623'),
(60, 'SUKIYAT', 'mandorpanen6@gmail.com', '$2y$10$KriRvClhQU/jAZ/hj0NXG.bO90jBgOnAAreb07Jiz1EMsdFMK8prm', 'm_kebun', 'Y', '792960bd5b61f25abdba77d946946fd2.jpg', '30129'),
(61, 'Mandor Panen 7', 'mandorpanen7@gmail.com', '$2y$10$e7t8TPmR.gLHZ58FWbFFpuKyHUNO047HKAZKFhEcaKxdqpPZTb25i', 'm_kebun', 'Y', 'a618027a5f8431cd025be18fb652f4b5.jpg', '16785'),
(62, 'PTPN2', 'admin@ptpn2.id', '$2y$10$WcKpabD/oPMpzK7txodkP.ejql/pkAs/wlW.0UfvjPT80VU/beZ2K', 's_admin', 'Y', '688d72c7d25d4948668b68df38856c38.png', '63974'),
(73, 'kerani_askep_percobaan', 'kerani_askep_percobaan@gmail.com', '$2y$10$MIy//NY/C0qW63vyiTM4N.9Rt9zBQj6u0vAo4fFVI0lumWKNqJlEC', 'k_askep', 'Y', '136783f50b676cd0941c67d15d399a06.png', '51869'),
(74, 'kerani_kcs_percobaan', 'kerani_kcs_percobaan@gmail.com', '$2y$10$S1IiG16GwfqozPV7Fp4LlODEF7EzkrpMGebWRR48TMdHfMvN1FBuG', 'kerani_kcs', 'Y', '1abb80d0fe6f45dfaca21f2bdad306eb.png', '49685'),
(75, 'mandor_percobaan', 'mandor_percobaan@gmail.com', '$2y$10$XsY.eRI0i4R8UY4MwK4kJ.T3R/cZlnmRwGiX9eneSXSW9kt5pfpU6', 'm_kebun', 'Y', '55d25bb247495f3cd4fcc193d9c2cd45.png', '87305'),
(76, 'kerani_kcs_percobaan2', 'kerani_kcs_percobaan2@gmail.com', '$2y$10$tUz0JYPMkzHgXTrc6DpBV.gzXpEzNAbJkqdty3u8v7q61XZ4XehZ6', 'kerani_kcs', 'Y', '477a84a8f808e9ae81420f3840da61a1.png', '16547'),
(77, 'mandor_percobaan2', 'mandor_percobaan2@gmail.com', '$2y$10$/yCKQpA5GNMGlmtuc/34aeRbl8lUCvrQI28XRX6MIaMXmNxxwNryO', 'm_kebun', 'Y', 'd1e15636902366922abb467c196563b7.png', '27604');

-- --------------------------------------------------------

--
-- Struktur dari tabel `tbl_afdeling`
--

CREATE TABLE `tbl_afdeling` (
  `id` int(11) NOT NULL,
  `id_kebun` int(11) NOT NULL,
  `nama_afdeling` varchar(222) NOT NULL
) ENGINE=InnoDB DEFAULT CHARSET=latin1;

--
-- Dumping data untuk tabel `tbl_afdeling`
--

INSERT INTO `tbl_afdeling` (`id`, `id_kebun`, `nama_afdeling`) VALUES
(1, 2, 'Afdeling 1'),
(2, 2, 'Afdeling 2'),
(3, 2, 'Afdeling 3'),
(4, 2, 'Afdeling 4'),
(5, 2, 'Afdeling 5'),
(6, 2, 'Afdeling 6'),
(7, 2, 'Afdeling 7'),
(8, 3, 'Afdeling 1'),
(9, 3, 'Afdeling 2'),
(10, 3, 'Afdeling 3'),
(13, 14, 'Afdeling 1'),
(14, 14, 'Afdeling 2');

-- --------------------------------------------------------

--
-- Struktur dari tabel `tbl_alat`
--

CREATE TABLE `tbl_alat` (
  `id` int(11) NOT NULL,
  `nama_alat` text NOT NULL,
  `premi_alat` int(11) NOT NULL
) ENGINE=InnoDB DEFAULT CHARSET=latin1;

--
-- Dumping data untuk tabel `tbl_alat`
--

INSERT INTO `tbl_alat` (`id`, `nama_alat`, `premi_alat`) VALUES
(1, 'Alat Panen Dengan Menggunakan Dodos', 1400),
(2, 'Alat Panen Dengan Menggunakan Egrek (1 Gala Bambu)', 2200),
(3, 'Alat Panen Dengan Menggunakan Egrek (2  Galah Bambu)', 2400),
(4, 'Alat Panen Dengan Menggunakan Egrek (3 Galah Bambu)', 2600);

-- --------------------------------------------------------

--
-- Struktur dari tabel `tbl_blok`
--

CREATE TABLE `tbl_blok` (
  `id` int(11) NOT NULL,
  `id_kebun` int(11) NOT NULL,
  `id_afdeling` int(11) NOT NULL,
  `blok` int(11) NOT NULL,
  `bt` int(11) NOT NULL,
  `p0` int(11) NOT NULL,
  `p1` int(11) NOT NULL,
  `p2` int(11) NOT NULL,
  `p3` int(11) NOT NULL,
  `rp_p0` int(11) NOT NULL,
  `rp_p1` int(11) NOT NULL,
  `rp_p2` int(11) NOT NULL,
  `rp_p3` int(11) NOT NULL,
  `tahun_tanam` int(11) NOT NULL,
  `prediksi_komidel` varchar(11) NOT NULL,
  `status` enum('N','Y') NOT NULL,
  `keterangan` enum('All','Minggu','Tanggal_Merah') NOT NULL
) ENGINE=InnoDB DEFAULT CHARSET=latin1 ROW_FORMAT=COMPACT;

--
-- Dumping data untuk tabel `tbl_blok`
--

INSERT INTO `tbl_blok` (`id`, `id_kebun`, `id_afdeling`, `blok`, `bt`, `p0`, `p1`, `p2`, `p3`, `rp_p0`, `rp_p1`, `rp_p2`, `rp_p3`, `tahun_tanam`, `prediksi_komidel`, `status`, `keterangan`) VALUES
(1, 2, 1, 1, 800, 0, 800, 1040, 1400, 0, 45, 50, 55, 2000, '18.95', 'Y', 'All'),
(2, 2, 1, 2, 800, 0, 800, 1040, 1400, 0, 45, 50, 55, 2000, '19.07', 'Y', 'All'),
(3, 2, 1, 3, 900, 0, 900, 1170, 1575, 0, 45, 50, 55, 2002, '19.55', 'Y', 'All'),
(4, 2, 1, 4, 550, 0, 550, 715, 963, 0, 45, 50, 55, 2003, '16.09', 'Y', 'All'),
(5, 2, 1, 5, 550, 0, 550, 715, 963, 0, 45, 50, 55, 2008, '13.19', 'Y', 'All'),
(6, 2, 1, 6, 900, 0, 900, 1170, 1575, 0, 45, 50, 55, 2011, '11.29', 'Y', 'All'),
(7, 2, 1, 7, 900, 0, 900, 1170, 1575, 0, 45, 50, 55, 2011, '11.63', 'Y', 'All'),
(8, 2, 1, 8, 900, 0, 900, 1170, 1575, 0, 45, 50, 55, 2011, '11.53', 'Y', 'All'),
(9, 2, 1, 9, 900, 0, 900, 1170, 1575, 0, 45, 50, 55, 2011, '11.33', 'Y', 'All'),
(10, 2, 1, 10, 800, 0, 800, 1040, 1400, 0, 45, 50, 55, 2013, '9.39', 'Y', 'All'),
(11, 2, 1, 11, 800, 0, 800, 1040, 1400, 0, 45, 50, 55, 2013, '9.56', 'Y', 'All'),
(12, 2, 1, 12, 800, 0, 800, 1040, 1400, 0, 45, 50, 55, 2013, '10.21', 'Y', 'All'),
(13, 2, 1, 13, 800, 0, 800, 1040, 1400, 0, 45, 50, 55, 2013, '10.12', 'Y', 'All'),
(14, 2, 1, 14, 800, 0, 800, 1040, 1400, 0, 45, 50, 55, 2013, '10.21', 'Y', 'All'),
(15, 2, 1, 15, 800, 0, 800, 1040, 1400, 0, 45, 50, 55, 2013, '10.02', 'Y', 'All'),
(16, 2, 1, 16, 800, 0, 800, 1040, 1400, 0, 45, 50, 55, 2013, '9.88', 'Y', 'All'),
(17, 2, 1, 17, 800, 0, 800, 1040, 1400, 0, 45, 50, 55, 2013, '9.71', 'Y', 'All'),
(18, 2, 1, 18, 800, 0, 800, 1040, 1400, 0, 45, 50, 55, 2013, '10.08', 'Y', 'All'),
(19, 2, 1, 19, 800, 0, 800, 1040, 1400, 0, 45, 50, 55, 2013, '9.54', 'Y', 'All'),
(20, 2, 1, 20, 800, 0, 800, 1040, 1400, 0, 45, 50, 55, 2013, '9.34', 'Y', 'All'),
(21, 2, 1, 21, 800, 0, 800, 1040, 1400, 0, 45, 50, 55, 2013, '8.97', 'Y', 'All'),
(22, 2, 1, 22, 800, 0, 800, 1040, 1400, 0, 45, 50, 55, 2013, '8.71', 'Y', 'All'),
(23, 2, 1, 23, 800, 0, 800, 1040, 1400, 0, 45, 50, 55, 2013, '8.16', 'Y', 'All'),
(24, 2, 1, 24, 800, 0, 800, 1040, 1400, 0, 45, 50, 55, 2013, '8.08', 'Y', 'All'),
(25, 2, 1, 25, 800, 0, 800, 1040, 1400, 0, 45, 50, 55, 2013, '9.59', 'Y', 'All'),
(26, 2, 1, 26, 800, 0, 800, 1040, 1400, 0, 45, 50, 55, 2013, '9.32', 'Y', 'All'),
(27, 2, 1, 27, 10000, 0, 10000, 13000, 17500, 0, 0, 0, 0, 2017, '0', 'N', 'All'),
(32, 14, 13, 1, 700, 0, 700, 910, 1225, 0, 45, 50, 55, 2000, '8.0', 'Y', 'All'),
(33, 14, 14, 1, 700, 0, 700, 910, 1225, 0, 45, 50, 55, 2003, '9', 'Y', 'All'),
(34, 14, 14, 3, 700, 0, 700, 910, 1225, 0, 45, 50, 55, 2000, '10', 'Y', 'All'),
(35, 14, 14, 2, 700, 0, 700, 910, 1225, 0, 45, 50, 55, 2000, '10', 'Y', 'All'),
(36, 14, 14, 4, 700, 0, 700, 910, 1225, 0, 45, 50, 55, 2003, '10', 'Y', 'All'),
(37, 2, 1, 1, 800, 0, 800, 1040, 1400, 45, 45, 50, 55, 2000, '18.95', 'Y', 'Minggu'),
(38, 2, 1, 2, 800, 0, 800, 1040, 1400, 45, 45, 50, 55, 2000, '19.07', 'Y', 'Minggu'),
(39, 2, 1, 3, 900, 0, 900, 1170, 1575, 45, 45, 50, 55, 2002, '19.55', 'Y', 'Minggu'),
(40, 2, 1, 4, 550, 0, 550, 715, 963, 45, 45, 50, 55, 2003, '16.09', 'Y', 'Minggu'),
(41, 2, 1, 5, 550, 0, 550, 715, 963, 45, 45, 50, 55, 2008, '13.19', 'Y', 'Minggu'),
(42, 2, 1, 6, 900, 0, 900, 1170, 1575, 45, 45, 50, 55, 2011, '11.29', 'Y', 'Minggu'),
(43, 2, 1, 7, 900, 0, 900, 1170, 1575, 45, 45, 50, 55, 2011, '11.63', 'Y', 'Minggu'),
(44, 2, 1, 8, 900, 0, 900, 1170, 1575, 45, 45, 50, 55, 2011, '11.53', 'Y', 'Minggu'),
(45, 2, 1, 9, 900, 0, 900, 1170, 1575, 45, 45, 50, 55, 2011, '11.33', 'Y', 'Minggu'),
(46, 2, 1, 10, 800, 0, 800, 1040, 1400, 45, 45, 50, 55, 2013, '9.39', 'Y', 'Minggu'),
(47, 2, 1, 11, 800, 0, 800, 1040, 1400, 45, 45, 50, 55, 2013, '9.56', 'Y', 'Minggu'),
(48, 2, 1, 12, 800, 0, 800, 1040, 1400, 45, 45, 50, 55, 2013, '10.21', 'Y', 'Minggu'),
(49, 2, 1, 13, 800, 0, 800, 1040, 1400, 45, 45, 50, 55, 2013, '10.12', 'Y', 'Minggu'),
(50, 2, 1, 14, 800, 0, 800, 1040, 1400, 45, 45, 50, 55, 2013, '10.21', 'Y', 'Minggu'),
(51, 2, 1, 15, 800, 0, 800, 1040, 1400, 45, 45, 50, 50, 2013, '10.02', 'Y', 'Minggu'),
(52, 2, 1, 16, 800, 0, 800, 1040, 1400, 45, 45, 50, 55, 2013, '9.88', 'Y', 'Minggu'),
(53, 2, 1, 17, 800, 0, 800, 1040, 1400, 45, 45, 50, 55, 2013, '9.71', 'Y', 'Minggu'),
(54, 2, 1, 18, 800, 0, 800, 1040, 1400, 45, 45, 50, 55, 2013, '10.08', 'Y', 'Minggu'),
(55, 2, 1, 19, 800, 0, 800, 1040, 1400, 45, 45, 50, 55, 2013, '9.54', 'Y', 'Minggu'),
(56, 2, 1, 20, 800, 0, 800, 1040, 1400, 45, 45, 50, 55, 2013, '9.34', 'Y', 'Minggu'),
(57, 2, 1, 21, 800, 0, 800, 1040, 1400, 45, 45, 50, 55, 2013, '8.97', 'Y', 'Minggu'),
(58, 2, 1, 22, 800, 0, 800, 1040, 1400, 45, 45, 50, 55, 2013, '8.71', 'Y', 'Minggu'),
(59, 2, 1, 23, 800, 0, 800, 1040, 1400, 45, 45, 50, 55, 2013, '8.16', 'Y', 'Minggu'),
(60, 2, 1, 24, 800, 0, 800, 1040, 1400, 45, 45, 50, 55, 2013, '8.08', 'Y', 'Minggu'),
(61, 2, 1, 25, 800, 0, 800, 1040, 1400, 45, 45, 50, 55, 2013, '9.59', 'Y', 'Minggu'),
(62, 2, 1, 26, 800, 0, 800, 1040, 1400, 45, 45, 50, 55, 2013, '9.32', 'Y', 'Minggu'),
(63, 2, 1, 1, 800, 0, 800, 1040, 1400, 45, 45, 50, 55, 2000, '18.95', 'Y', 'Tanggal_Merah'),
(64, 2, 1, 2, 800, 0, 800, 1040, 1400, 45, 45, 50, 55, 2000, '19.07', 'Y', 'Tanggal_Merah'),
(65, 2, 1, 3, 900, 0, 900, 1170, 1575, 45, 45, 50, 55, 2002, '19.55', 'Y', 'Tanggal_Merah'),
(66, 2, 1, 4, 550, 0, 550, 715, 963, 45, 45, 50, 55, 2003, '16.09', 'Y', 'Tanggal_Merah'),
(67, 2, 1, 5, 550, 0, 550, 715, 963, 45, 45, 50, 55, 2008, '13.19', 'Y', 'Tanggal_Merah'),
(68, 2, 1, 6, 900, 0, 900, 1170, 1575, 45, 45, 50, 55, 2011, '11.29', 'Y', 'Tanggal_Merah'),
(69, 2, 1, 7, 900, 0, 900, 1170, 1575, 45, 45, 50, 55, 2011, '11.63', 'Y', 'Tanggal_Merah'),
(70, 2, 1, 8, 900, 0, 900, 1170, 1575, 45, 45, 50, 55, 2011, '11.53', 'Y', 'Tanggal_Merah'),
(71, 2, 1, 9, 900, 0, 900, 1170, 1575, 45, 45, 50, 55, 2011, '11.33', 'Y', 'Tanggal_Merah'),
(72, 2, 1, 10, 800, 0, 800, 1040, 1400, 45, 45, 50, 55, 2013, '9.39', 'Y', 'Tanggal_Merah'),
(73, 2, 1, 11, 800, 0, 800, 1040, 1400, 45, 45, 50, 55, 2013, '9.56', 'Y', 'Tanggal_Merah'),
(74, 2, 1, 12, 800, 0, 800, 1040, 1400, 45, 45, 50, 55, 2013, '10.21', 'Y', 'Tanggal_Merah'),
(75, 2, 1, 13, 800, 0, 800, 1040, 1400, 45, 45, 50, 55, 2013, '10.12', 'Y', 'Tanggal_Merah'),
(76, 2, 1, 14, 800, 0, 800, 1040, 1400, 45, 45, 50, 55, 2013, '10.21', 'Y', 'Tanggal_Merah'),
(77, 2, 1, 15, 800, 0, 800, 1040, 1400, 45, 45, 50, 55, 2013, '10.02', 'Y', 'Tanggal_Merah'),
(78, 2, 1, 16, 800, 0, 800, 1040, 1400, 45, 45, 50, 55, 2013, '9.88', 'Y', 'Tanggal_Merah'),
(79, 2, 1, 17, 800, 0, 800, 1040, 1400, 45, 45, 50, 55, 2013, '9.71', 'Y', 'Tanggal_Merah'),
(80, 2, 1, 18, 800, 0, 800, 1040, 1400, 45, 45, 50, 55, 2013, '10.08', 'Y', 'Tanggal_Merah'),
(81, 2, 1, 19, 800, 0, 800, 1040, 1400, 45, 45, 50, 55, 2013, '9.54', 'Y', 'Tanggal_Merah'),
(82, 2, 1, 20, 800, 0, 800, 1040, 1400, 45, 45, 50, 55, 2013, '9.34', 'Y', 'Tanggal_Merah'),
(83, 2, 1, 21, 800, 0, 800, 1040, 1400, 45, 45, 50, 55, 2013, '8.97', 'Y', 'Tanggal_Merah'),
(84, 2, 1, 22, 800, 0, 800, 1040, 1400, 45, 45, 50, 55, 2013, '8.71', 'Y', 'Tanggal_Merah'),
(85, 2, 1, 23, 800, 0, 800, 1040, 1400, 45, 45, 50, 55, 2013, '8.16', 'Y', 'Tanggal_Merah'),
(86, 2, 1, 24, 800, 0, 800, 1040, 1400, 45, 45, 50, 55, 2013, '8.08', 'Y', 'Tanggal_Merah'),
(87, 2, 1, 25, 800, 0, 800, 1040, 1400, 45, 45, 50, 55, 2013, '9.59', 'Y', 'Tanggal_Merah'),
(88, 2, 1, 26, 800, 0, 800, 1040, 1400, 45, 45, 50, 55, 2013, '9.32', 'Y', 'Tanggal_Merah'),
(89, 2, 4, 1, 550, 0, 550, 715, 963, 0, 45, 50, 55, 1997, '16.53', 'Y', 'All'),
(90, 2, 4, 2, 550, 0, 550, 715, 963, 0, 45, 50, 55, 1997, '16.30', 'Y', 'All'),
(91, 2, 4, 3, 550, 0, 550, 715, 963, 0, 45, 50, 55, 1997, '19.29', 'Y', 'All'),
(92, 2, 4, 4, 550, 0, 550, 715, 963, 0, 45, 50, 55, 1997, '17.86', 'Y', 'All'),
(93, 2, 4, 5, 550, 0, 550, 715, 963, 0, 45, 50, 55, 1997, '19.16', 'Y', 'All'),
(94, 2, 4, 6, 550, 0, 550, 715, 963, 0, 45, 50, 55, 1997, '18.42', 'Y', 'All'),
(95, 2, 4, 9, 550, 0, 550, 715, 963, 0, 45, 50, 55, 1997, '16.95', 'Y', 'All'),
(96, 2, 4, 10, 550, 0, 550, 715, 963, 0, 45, 50, 55, 1997, '18.80', 'Y', 'All'),
(97, 2, 4, 13, 550, 0, 550, 715, 963, 0, 45, 50, 55, 1997, '17.46', 'Y', 'All'),
(98, 2, 4, 14, 550, 0, 550, 715, 963, 0, 45, 50, 55, 1997, '17.48', 'Y', 'All'),
(99, 2, 4, 17, 550, 0, 550, 715, 963, 0, 45, 50, 55, 1997, '16.72', 'Y', 'All'),
(100, 2, 4, 18, 550, 0, 550, 715, 963, 0, 45, 50, 55, 1997, '17.22', 'Y', 'All'),
(101, 2, 4, 19, 550, 0, 550, 715, 963, 0, 45, 50, 55, 1997, '17.84', 'Y', 'All'),
(102, 2, 4, 20, 550, 0, 550, 715, 963, 0, 45, 50, 55, 1997, '19.06', 'Y', 'All'),
(103, 2, 4, 24, 550, 0, 550, 715, 963, 0, 45, 50, 55, 1997, '16.95', 'Y', 'All'),
(104, 2, 4, 7, 550, 0, 550, 715, 963, 0, 45, 50, 55, 1998, '15.98', 'Y', 'All'),
(105, 2, 4, 8, 550, 0, 550, 715, 963, 0, 45, 50, 55, 1998, '17.57', 'Y', 'All'),
(106, 2, 4, 11, 550, 0, 550, 715, 963, 0, 45, 50, 55, 1998, '17.17', 'Y', 'All'),
(107, 2, 4, 12, 550, 0, 550, 715, 963, 0, 45, 50, 55, 1998, '18.00', 'Y', 'All'),
(108, 2, 4, 15, 550, 0, 550, 715, 963, 0, 45, 50, 55, 1998, '16.50', 'Y', 'All'),
(109, 2, 4, 16, 550, 0, 550, 715, 963, 0, 45, 50, 55, 1998, '17.57', 'Y', 'All'),
(110, 2, 4, 21, 550, 0, 550, 715, 963, 0, 45, 50, 55, 1998, '17.95', 'Y', 'All'),
(111, 2, 4, 22, 550, 0, 550, 715, 963, 0, 45, 50, 55, 1998, '16.99', 'Y', 'All'),
(112, 2, 4, 23, 550, 0, 550, 715, 963, 0, 45, 50, 55, 1998, '17.86', 'Y', 'All'),
(113, 2, 4, 26, 550, 0, 550, 715, 963, 0, 45, 50, 55, 1999, '18.62', 'Y', 'All'),
(114, 2, 6, 1, 550, 0, 550, 715, 963, 0, 45, 50, 55, 1997, '16.44', 'Y', 'All'),
(115, 2, 6, 2, 550, 0, 550, 715, 963, 0, 45, 50, 55, 1997, '16.44', 'Y', 'All'),
(116, 2, 6, 3, 550, 0, 550, 715, 963, 0, 45, 50, 55, 1997, '16.44', 'Y', 'All'),
(117, 2, 6, 4, 550, 0, 550, 715, 963, 0, 45, 50, 55, 1997, '16.44', 'Y', 'All'),
(118, 2, 6, 5, 550, 0, 550, 715, 963, 0, 45, 50, 55, 1997, '1644', 'Y', 'All'),
(119, 2, 6, 6, 550, 0, 550, 715, 963, 0, 45, 50, 55, 1997, '16.44', 'Y', 'All'),
(120, 2, 6, 7, 550, 0, 550, 715, 963, 0, 45, 50, 55, 1997, '16.44', 'Y', 'All'),
(121, 2, 6, 8, 550, 0, 550, 715, 963, 0, 45, 50, 55, 1997, '16.44', 'Y', 'All'),
(122, 2, 6, 10, 550, 0, 550, 715, 963, 0, 45, 50, 55, 1997, '16.44', 'Y', 'All'),
(123, 2, 6, 11, 550, 0, 550, 715, 963, 0, 45, 50, 55, 1997, '16.44', 'Y', 'All'),
(124, 2, 6, 12, 550, 0, 550, 715, 963, 0, 45, 50, 55, 1997, '16.44', 'Y', 'All'),
(125, 2, 6, 13, 550, 0, 550, 715, 963, 0, 45, 50, 55, 1997, '16.44', 'Y', 'All'),
(126, 2, 6, 14, 550, 0, 550, 715, 963, 0, 45, 50, 55, 1998, '15.67', 'Y', 'All'),
(127, 2, 6, 15, 550, 0, 550, 715, 963, 0, 45, 50, 55, 1998, '15.67', 'Y', 'All'),
(128, 2, 6, 16, 550, 0, 550, 715, 963, 0, 45, 50, 55, 1998, '15.67', 'Y', 'All'),
(129, 2, 6, 17, 550, 0, 550, 715, 963, 0, 45, 50, 55, 1998, '15.67', 'Y', 'All'),
(130, 2, 6, 18, 550, 0, 550, 715, 963, 0, 45, 50, 55, 1998, '15.67', 'Y', 'All'),
(131, 2, 6, 19, 550, 0, 550, 715, 963, 0, 45, 50, 55, 1998, '15.67', 'Y', 'All'),
(132, 2, 6, 20, 550, 0, 550, 715, 963, 0, 45, 50, 55, 1998, '15.67', 'Y', 'All'),
(133, 2, 6, 21, 550, 0, 550, 715, 963, 0, 45, 50, 55, 1998, '15.67', 'Y', 'All'),
(134, 2, 6, 22, 550, 0, 550, 715, 963, 0, 45, 50, 55, 1998, '15.67', 'Y', 'All'),
(135, 2, 6, 23, 550, 0, 550, 715, 963, 0, 45, 50, 55, 1998, '15.67', 'Y', 'All'),
(136, 2, 6, 24, 550, 0, 550, 715, 963, 0, 45, 50, 55, 1998, '15.67', 'Y', 'All'),
(137, 2, 6, 25, 550, 0, 550, 715, 963, 0, 45, 50, 55, 1998, '15.67', 'Y', 'All'),
(138, 2, 6, 26, 550, 0, 550, 715, 963, 0, 45, 50, 55, 1998, '15.67', 'Y', 'All'),
(139, 2, 6, 27, 800, 0, 800, 1040, 1400, 0, 45, 50, 55, 1999, '14.71', 'Y', 'All'),
(140, 2, 6, 28, 800, 0, 800, 1040, 1400, 0, 45, 50, 55, 1999, '14.71', 'Y', 'All'),
(141, 2, 6, 29, 800, 0, 800, 1040, 1400, 0, 45, 50, 55, 1999, '14.71', 'Y', 'All'),
(142, 2, 6, 30, 800, 0, 800, 1040, 1400, 0, 45, 50, 55, 1999, '14.71', 'Y', 'All'),
(143, 2, 6, 31, 800, 0, 800, 1040, 1400, 0, 45, 50, 55, 1999, '14.71', 'Y', 'All'),
(144, 2, 6, 32, 550, 0, 550, 715, 963, 0, 45, 50, 55, 2005, '10.8', 'Y', 'All'),
(145, 2, 6, 33, 550, 0, 550, 715, 963, 0, 45, 50, 55, 2005, '10.8', 'Y', 'All'),
(146, 2, 6, 34, 550, 0, 550, 715, 963, 0, 45, 50, 55, 2005, '10.8', 'Y', 'All'),
(147, 2, 5, 35, 550, 0, 550, 715, 963, 0, 45, 50, 55, 2005, '10.8', 'Y', 'All'),
(148, 2, 6, 36, 900, 0, 900, 1170, 1575, 0, 45, 50, 55, 2014, '6.2', 'Y', 'All'),
(149, 2, 6, 37, 900, 0, 900, 1170, 1575, 0, 45, 50, 55, 2014, '6.2', 'Y', 'All'),
(150, 2, 7, 87, 800, 0, 800, 1040, 1400, 0, 45, 50, 55, 1999, '17', 'Y', 'All'),
(151, 2, 7, 89, 800, 0, 800, 1040, 1400, 0, 45, 50, 55, 1999, '17', 'Y', 'All'),
(152, 2, 7, 90, 800, 0, 800, 1040, 1400, 0, 45, 50, 55, 1999, '17', 'Y', 'All'),
(153, 2, 7, 91, 800, 0, 800, 1040, 1400, 0, 45, 50, 55, 1999, '17', 'Y', 'All'),
(154, 2, 7, 92, 800, 0, 800, 1040, 1400, 0, 45, 50, 55, 1999, '17', 'Y', 'All'),
(155, 2, 7, 93, 800, 0, 800, 1040, 1400, 0, 45, 50, 55, 1999, '17', 'Y', 'All'),
(156, 2, 7, 100, 800, 0, 800, 1040, 1400, 0, 45, 50, 55, 1999, '17', 'Y', 'All'),
(157, 2, 7, 101, 800, 0, 800, 1040, 1400, 0, 45, 50, 55, 1999, '17', 'Y', 'All'),
(158, 2, 7, 102, 800, 0, 800, 1040, 1400, 0, 45, 50, 55, 1999, '17', 'Y', 'All'),
(159, 2, 7, 103, 800, 0, 800, 1040, 1400, 0, 45, 50, 55, 1999, '17', 'Y', 'All'),
(160, 2, 7, 104, 800, 0, 800, 1040, 1400, 0, 45, 50, 55, 1999, '17', 'Y', 'All'),
(161, 2, 7, 110, 800, 0, 800, 1040, 1400, 0, 45, 50, 55, 1999, '17', 'Y', 'All'),
(162, 2, 7, 111, 800, 0, 800, 1040, 1400, 0, 45, 50, 55, 1999, '17', 'Y', 'All'),
(163, 2, 7, 112, 800, 0, 800, 1040, 1400, 0, 45, 50, 55, 1999, '17', 'Y', 'All'),
(164, 2, 7, 113, 800, 0, 800, 1040, 1400, 0, 45, 50, 55, 1999, '17', 'Y', 'All'),
(165, 2, 7, 114, 800, 0, 800, 1040, 1400, 0, 45, 50, 55, 1999, '17', 'Y', 'All'),
(166, 2, 7, 115, 800, 0, 800, 1040, 1400, 0, 45, 50, 55, 1999, '17', 'Y', 'All'),
(167, 2, 7, 86, 800, 0, 800, 1040, 1400, 0, 45, 50, 55, 2000, '17', 'Y', 'All'),
(168, 2, 7, 88, 800, 0, 800, 1040, 1400, 0, 45, 50, 55, 2000, '17', 'Y', 'All'),
(169, 2, 7, 98, 800, 0, 800, 1040, 1400, 0, 45, 50, 55, 2000, '17', 'Y', 'All'),
(170, 2, 7, 99, 800, 0, 800, 1040, 1400, 0, 45, 50, 55, 2000, '17', 'Y', 'All'),
(171, 2, 7, 109, 800, 0, 800, 1040, 1400, 0, 45, 50, 55, 2000, '17', 'Y', 'All');

-- --------------------------------------------------------

--
-- Struktur dari tabel `tbl_distrik`
--

CREATE TABLE `tbl_distrik` (
  `id` int(11) NOT NULL,
  `nama_lengkap` varchar(222) NOT NULL,
  `email` varchar(222) NOT NULL,
  `photo` varchar(222) NOT NULL,
  `token` varchar(222) NOT NULL
) ENGINE=InnoDB DEFAULT CHARSET=latin1;

--
-- Dumping data untuk tabel `tbl_distrik`
--

INSERT INTO `tbl_distrik` (`id`, `nama_lengkap`, `email`, `photo`, `token`) VALUES
(1, 'Distrik Rayon Selatan', 'distrik3@gmail.com', '5c497e8e9c545e38de7875ba55f838bd.jpg', '86930'),
(2, 'Distrik Rayon Utara', 'distrik1@gmail.com', 'd8f2044d5245e945d00d00bb2e84c3e1.jpg', '63542');

-- --------------------------------------------------------

--
-- Struktur dari tabel `tbl_history_panen`
--

CREATE TABLE `tbl_history_panen` (
  `id` int(11) NOT NULL,
  `id_kerani_askep` int(11) NOT NULL,
  `id_kerani_kcs` varchar(222) NOT NULL,
  `id_kebun` int(11) NOT NULL,
  `id_afdeling` int(11) NOT NULL,
  `id_pemanen` int(11) NOT NULL,
  `tph` int(11) NOT NULL,
  `blok` int(11) NOT NULL,
  `jmlh_panen` varchar(11) NOT NULL,
  `nilai_komidel` varchar(11) NOT NULL,
  `prestasi` varchar(11) NOT NULL,
  `jmlh_brondolan` varchar(11) NOT NULL,
  `nama_alat` text NOT NULL,
  `tbs` int(11) NOT NULL,
  `premi_alat` int(11) NOT NULL,
  `premi_brondolan` int(11) NOT NULL,
  `id_panen` int(11) NOT NULL,
  `tanggal` date NOT NULL
) ENGINE=InnoDB DEFAULT CHARSET=latin1;

-- --------------------------------------------------------

--
-- Struktur dari tabel `tbl_izin`
--

CREATE TABLE `tbl_izin` (
  `id` int(11) NOT NULL,
  `id_mandor` varchar(222) NOT NULL,
  `id_absen` varchar(222) NOT NULL,
  `jenis` enum('S','C','P1','P2','P3','H1','S1','S2') NOT NULL,
  `keterangan` text NOT NULL,
  `tanggal` date NOT NULL
) ENGINE=InnoDB DEFAULT CHARSET=latin1;

--
-- Dumping data untuk tabel `tbl_izin`
--

INSERT INTO `tbl_izin` (`id`, `id_mandor`, `id_absen`, `jenis`, `keterangan`, `tanggal`) VALUES
(1, '28069', 'PTPN-II-0020', 'H1', 'vvvvvvvvvvv', '2019-09-20');

-- --------------------------------------------------------

--
-- Struktur dari tabel `tbl_jabatan`
--

CREATE TABLE `tbl_jabatan` (
  `id` int(11) NOT NULL,
  `jabatan` varchar(222) NOT NULL
) ENGINE=InnoDB DEFAULT CHARSET=latin1;

--
-- Dumping data untuk tabel `tbl_jabatan`
--

INSERT INTO `tbl_jabatan` (`id`, `jabatan`) VALUES
(1, 'Kerani Askep'),
(2, 'Mandor Kebun'),
(3, 'Pemanen Kebun'),
(4, 'Distrik'),
(5, 'Kerani KCS');

-- --------------------------------------------------------

--
-- Struktur dari tabel `tbl_kebun`
--

CREATE TABLE `tbl_kebun` (
  `id` int(11) NOT NULL,
  `nama_kebun` varchar(222) NOT NULL,
  `id_distrik` int(11) NOT NULL
) ENGINE=InnoDB DEFAULT CHARSET=latin1;

--
-- Dumping data untuk tabel `tbl_kebun`
--

INSERT INTO `tbl_kebun` (`id`, `nama_kebun`, `id_distrik`) VALUES
(1, 'Limau Mungkur', 1),
(2, 'Tanjung Garbus', 1),
(3, 'Melati', 1),
(4, 'Tandem', 1),
(5, 'Tanjung Jati', 1),
(6, 'Bandar Klippa', 1),
(7, 'Patumbak', 1),
(8, 'Kuala Sawit', 2),
(9, 'Air Tenang', 2),
(10, 'Batang Serangan', 2),
(11, 'Sawit Hulu', 2),
(12, 'Sawit Seberang', 2),
(14, 'Percobaan', 2);

-- --------------------------------------------------------

--
-- Struktur dari tabel `tbl_kerani_askep`
--

CREATE TABLE `tbl_kerani_askep` (
  `id` int(11) NOT NULL,
  `email` varchar(222) NOT NULL,
  `nama_lengkap` varchar(222) NOT NULL,
  `id_jabatan` int(11) NOT NULL,
  `id_kebun` varchar(11) NOT NULL,
  `photo` varchar(222) NOT NULL,
  `token` varchar(222) NOT NULL
) ENGINE=InnoDB DEFAULT CHARSET=latin1;

--
-- Dumping data untuk tabel `tbl_kerani_askep`
--

INSERT INTO `tbl_kerani_askep` (`id`, `email`, `nama_lengkap`, `id_jabatan`, `id_kebun`, `photo`, `token`) VALUES
(2, 'keraniaskeptgp@gmail.com', 'Kerani Askep TGP', 1, '2', 'c1f5ab810943824316a0dc918eff0de2.jpg', '32078'),
(5, 'kerani_askep_percobaan@gmail.com', 'kerani_askep_percobaan', 1, '14', '136783f50b676cd0941c67d15d399a06.png', '51869');

-- --------------------------------------------------------

--
-- Struktur dari tabel `tbl_kerani_kcs`
--

CREATE TABLE `tbl_kerani_kcs` (
  `id` int(11) NOT NULL,
  `email` varchar(222) NOT NULL,
  `nama_lengkap` varchar(222) NOT NULL,
  `id_jabatan` int(11) NOT NULL,
  `id_kerani_askep` int(11) NOT NULL,
  `id_kebun` varchar(11) NOT NULL,
  `id_afdeling` varchar(11) NOT NULL,
  `photo` varchar(222) NOT NULL,
  `token` varchar(222) NOT NULL
) ENGINE=InnoDB DEFAULT CHARSET=latin1;

--
-- Dumping data untuk tabel `tbl_kerani_kcs`
--

INSERT INTO `tbl_kerani_kcs` (`id`, `email`, `nama_lengkap`, `id_jabatan`, `id_kerani_askep`, `id_kebun`, `id_afdeling`, `photo`, `token`) VALUES
(1, 'edysyahputra@gmail.com', 'Edy Syahputra', 5, 2, '2', '1', '15a82e28193d48a60a60f6f88cb41b82.jpg', '89326'),
(2, 'kcs2@gmail.com', 'KCS2', 5, 2, '2', '2', '9acb74385c01688f4acd8823214da524.jpg', '38176'),
(3, 'kcs3@gmail.com', 'Riki Afriansyah', 5, 2, '2', '3', 'bc6dbc92ca52727fa795d611ee3ab40b.jpg', '24509'),
(4, 'kcs4@gmail.com', 'Bambang Harianto', 5, 2, '2', '4', '07936d1b4193374f3cd90fbb9aea1902.jpg', '70681'),
(5, 'kcs5@gmail.com', 'WAGIMIN', 5, 2, '2', '5', '830b6790949f01d2fcb0e68e5658339e.jpg', '70154'),
(6, 'kcs6@gmail.com', 'PARIMIN', 5, 2, '2', '6', 'fec0470382ccf45b1ec8e5f4a0815971.jpg', '89457'),
(7, 'kcs7@gmail.com', 'KCS7', 5, 2, '2', '7', '84e120e2e252ef1e5cc513539cd5d2b2.jpg', '27896'),
(12, 'kerani_kcs_percobaan@gmail.com', 'kerani_kcs_percobaan', 5, 5, '14', '13', '1abb80d0fe6f45dfaca21f2bdad306eb.png', '49685'),
(13, 'kerani_kcs_percobaan2@gmail.com', 'kerani_kcs_percobaan2', 5, 5, '14', '14', '477a84a8f808e9ae81420f3840da61a1.png', '16547');

-- --------------------------------------------------------

--
-- Struktur dari tabel `tbl_komidel`
--

CREATE TABLE `tbl_komidel` (
  `id` int(11) NOT NULL,
  `id_kerani_askep` int(11) NOT NULL,
  `id_kerani_kcs` varchar(222) NOT NULL,
  `id_kebun` int(11) NOT NULL,
  `id_afdeling` int(11) NOT NULL,
  `jmlh_panen` int(11) NOT NULL,
  `kg` int(11) NOT NULL,
  `nilai_komidel` varchar(222) NOT NULL,
  `kode` varchar(222) NOT NULL,
  `tanggal_panen` date NOT NULL,
  `create_att` timestamp NOT NULL DEFAULT current_timestamp() ON UPDATE current_timestamp()
) ENGINE=InnoDB DEFAULT CHARSET=latin1;

-- --------------------------------------------------------

--
-- Struktur dari tabel `tbl_komidel_new`
--

CREATE TABLE `tbl_komidel_new` (
  `id` int(11) NOT NULL,
  `tanggal` date NOT NULL,
  `id_kerani_askep` varchar(222) NOT NULL,
  `id_kerani_kcs` varchar(222) NOT NULL,
  `id_kebun` varchar(11) NOT NULL,
  `id_afdeling` varchar(11) NOT NULL,
  `id_blok` varchar(11) NOT NULL,
  `total_janjang_blok` varchar(222) NOT NULL,
  `total_berat_blok` varchar(222) NOT NULL,
  `komidel` varchar(222) NOT NULL,
  `tahun_tanam` varchar(22) NOT NULL,
  `bron_tak` varchar(11) NOT NULL,
  `bron_tim` varchar(11) NOT NULL,
  `koef` varchar(11) NOT NULL,
  `creat_att` timestamp NOT NULL DEFAULT current_timestamp() ON UPDATE current_timestamp()
) ENGINE=InnoDB DEFAULT CHARSET=latin1;

--
-- Dumping data untuk tabel `tbl_komidel_new`
--

INSERT INTO `tbl_komidel_new` (`id`, `tanggal`, `id_kerani_askep`, `id_kerani_kcs`, `id_kebun`, `id_afdeling`, `id_blok`, `total_janjang_blok`, `total_berat_blok`, `komidel`, `tahun_tanam`, `bron_tak`, `bron_tim`, `koef`, `creat_att`) VALUES
(1, '2019-08-29', '3', '09528', '13', '11', '28', '275', '1,069.47', '3.89', '2000', '', '', '', '2019-08-29 07:22:41'),
(2, '2019-08-29', '3', '09528', '13', '11', '29', '90', '890.53', '9.89', '2000', '', '', '', '2019-08-29 07:22:41'),
(3, '2019-08-29', '5', '16547', '14', '14', '33', '400', '4,000.00', '10.00', '2003', '', '', '', '2019-08-29 15:10:44'),
(4, '2019-09-05', '2', '89326', '2', '1', '4', '690', '8,349.02', '12.10', '2003', '', '', '', '2019-09-17 01:47:31'),
(5, '2019-09-05', '2', '89326', '2', '1', '5', '95', '1,362.22', '14.34', '2008', '', '', '', '2019-09-17 01:47:31'),
(6, '2019-09-05', '2', '89326', '2', '1', '7', '550', '3,776.67', '6.87', '2011', '', '', '', '2019-09-17 01:47:31'),
(7, '2019-09-05', '2', '89326', '2', '1', '8', '181', '2,268.76', '12.53', '2011', '', '', '', '2019-09-17 01:47:31'),
(8, '2019-09-05', '2', '89326', '2', '1', '8', '200', '1,373.33', '6.87', '2011', '', '', '', '2019-09-17 01:47:31'),
(15, '2019-09-19', '2', '89326', '2', '1', '1', '334', '3,236.82', '9.69', '2000', '61.00', '65.62', '107.58', '2019-09-20 06:50:41'),
(16, '2019-09-19', '2', '89326', '2', '1', '2', '268', '2,589.01', '9.66', '2000', '62.00', '66.67', '107.53', '2019-09-20 06:50:41'),
(17, '2019-09-19', '2', '89326', '2', '1', '3', '296', '2,864.17', '9.68', '2002', '63.00', '67.71', '107.47', '2019-09-20 06:50:41'),
(18, '2019-09-19', '2', '89326', '2', '1', '4', '191', '2,233.04', '11.69', '2003', '60.00', '60.00', '100.00', '2019-09-20 06:50:41'),
(19, '2019-09-19', '2', '89326', '2', '1', '5', '198', '1,891.41', '9.55', '2008', '60.00', '60.00', '100.00', '2019-09-20 06:50:41'),
(20, '2019-09-19', '2', '89326', '2', '1', '6', '206', '1,702.55', '8.26', '2011', '60.00', '60.00', '100.00', '2019-09-20 06:50:41');

-- --------------------------------------------------------

--
-- Struktur dari tabel `tbl_libur`
--

CREATE TABLE `tbl_libur` (
  `id` int(11) NOT NULL,
  `tanggal_libur` date NOT NULL,
  `keterangan` text NOT NULL
) ENGINE=InnoDB DEFAULT CHARSET=latin1;

-- --------------------------------------------------------

--
-- Struktur dari tabel `tbl_mandor`
--

CREATE TABLE `tbl_mandor` (
  `id` int(11) NOT NULL,
  `email` varchar(222) NOT NULL,
  `nama_lengkap` varchar(222) NOT NULL,
  `id_jabatan` int(11) NOT NULL,
  `id_kerani_askep` int(11) NOT NULL,
  `id_kerani_kcs` int(11) NOT NULL,
  `id_kebun` varchar(11) NOT NULL,
  `id_afdeling` varchar(11) NOT NULL,
  `photo` varchar(222) NOT NULL,
  `token` varchar(222) NOT NULL
) ENGINE=InnoDB DEFAULT CHARSET=latin1;

--
-- Dumping data untuk tabel `tbl_mandor`
--

INSERT INTO `tbl_mandor` (`id`, `email`, `nama_lengkap`, `id_jabatan`, `id_kerani_askep`, `id_kerani_kcs`, `id_kebun`, `id_afdeling`, `photo`, `token`) VALUES
(1, 'mandorpanen@gmail.com', 'Abdul Manan Siregar', 2, 2, 1, '2', '1', 'de8ab3a23d2e0df21e831a8ab6011033.jpg', '28069'),
(2, 'mandorpanen2@gmail.com', 'Mandor Panen 2', 2, 2, 2, '2', '2', '7a504e10efaf98696e8d27b45d5f5bb9.jpg', '81563'),
(3, 'mandorpanen3@gmail.com', 'Eko Surianto', 2, 2, 3, '2', '3', '33b2a88ca3488eb6b87e43dbae689ed5.jpeg', '41786'),
(4, 'mandorpanen4@gmail.com', 'Syahnan D Lubis', 2, 2, 4, '2', '4', '675467a05380d20b5b1dad931eeb3c46.jpg', '28543'),
(5, 'mandorpanen5@gmail.com', 'T. HAMDAN', 2, 2, 5, '2', '5', '62f92d1c3a46f2ddb9dfbf30e37e7dae.jpg', '91623'),
(6, 'mandorpanen6@gmail.com', 'SUKIYAT', 2, 2, 6, '2', '6', '792960bd5b61f25abdba77d946946fd2.jpg', '30129'),
(7, 'mandorpanen7@gmail.com', 'Mandor Panen 7', 2, 2, 7, '2', '7', 'a618027a5f8431cd025be18fb652f4b5.jpg', '16785'),
(12, 'mandor_percobaan@gmail.com', 'mandor_percobaan', 2, 5, 12, '14', '13', '55d25bb247495f3cd4fcc193d9c2cd45.png', '87305'),
(13, 'mandor_percobaan2@gmail.com', 'mandor_percobaan2', 2, 5, 13, '14', '14', 'd1e15636902366922abb467c196563b7.png', '27604');

-- --------------------------------------------------------

--
-- Struktur dari tabel `tbl_panen`
--

CREATE TABLE `tbl_panen` (
  `id` int(11) NOT NULL,
  `id_kerani_askep` int(11) NOT NULL,
  `id_kerani_kcs` varchar(222) NOT NULL,
  `id_kebun` int(11) NOT NULL,
  `id_afdeling` int(11) NOT NULL,
  `id_pemanen` int(11) NOT NULL,
  `tph` int(11) NOT NULL,
  `blok` int(11) NOT NULL,
  `jmlh_panen` varchar(11) NOT NULL,
  `jmlh_brondolan` varchar(11) NOT NULL,
  `id_alat` int(11) NOT NULL,
  `tanggal` date NOT NULL,
  `status` enum('N','Y') NOT NULL,
  `approve` enum('N','Y') NOT NULL,
  `kode` varchar(222) NOT NULL,
  `creat_att` timestamp NOT NULL DEFAULT current_timestamp() ON UPDATE current_timestamp()
) ENGINE=InnoDB DEFAULT CHARSET=latin1;

--
-- Dumping data untuk tabel `tbl_panen`
--

INSERT INTO `tbl_panen` (`id`, `id_kerani_askep`, `id_kerani_kcs`, `id_kebun`, `id_afdeling`, `id_pemanen`, `tph`, `blok`, `jmlh_panen`, `jmlh_brondolan`, `id_alat`, `tanggal`, `status`, `approve`, `kode`, `creat_att`) VALUES
(1, 2, '89326', 2, 1, 2, 0, 19, '160', '30', 1, '2019-08-24', 'N', 'N', '', '2019-09-08 16:54:50'),
(2, 2, '89326', 2, 1, 3, 0, 19, '163', '60', 1, '2019-08-24', 'N', 'N', '', '2019-09-08 16:54:50'),
(3, 2, '89326', 2, 1, 4, 0, 19, '178', '70', 1, '2019-08-24', 'N', 'N', '', '2019-09-08 16:54:50'),
(4, 2, '89326', 2, 1, 5, 0, 19, '147', '50', 1, '2019-08-24', 'N', 'N', '', '2019-09-08 16:54:50'),
(5, 2, '89326', 2, 1, 6, 0, 19, '140', '140', 1, '2019-08-24', 'N', 'N', '', '2019-09-08 16:54:50'),
(6, 2, '89326', 2, 1, 7, 0, 19, '140', '80', 1, '2019-08-24', 'N', 'N', '', '2019-09-08 16:54:50'),
(7, 2, '89326', 2, 1, 8, 0, 20, '136', '20', 1, '2019-08-24', 'N', 'N', '', '2019-09-08 16:54:50'),
(8, 2, '89326', 2, 1, 9, 0, 20, '160', '40', 1, '2019-08-24', 'N', 'N', '', '2019-09-08 16:54:50'),
(9, 2, '89326', 2, 1, 12, 0, 20, '162', '30', 1, '2019-08-24', 'N', 'N', '', '2019-09-08 16:54:50'),
(10, 2, '89326', 2, 1, 13, 0, 20, '105', '80', 1, '2019-08-24', 'N', 'N', '', '2019-09-08 16:54:50'),
(11, 2, '89326', 2, 1, 14, 0, 20, '166', '130', 1, '2019-08-24', 'N', 'N', '', '2019-09-08 16:54:50'),
(12, 2, '89326', 2, 1, 15, 0, 20, '110', '70', 1, '2019-08-24', 'N', 'N', '', '2019-09-08 16:54:50'),
(13, 2, '89326', 2, 1, 16, 0, 20, '140', '120', 1, '2019-08-24', 'N', 'N', '', '2019-09-08 16:54:50'),
(14, 2, '89326', 2, 1, 17, 0, 20, '160', '180', 1, '2019-08-24', 'N', 'N', '', '2019-09-08 16:54:50'),
(15, 2, '89326', 2, 1, 18, 0, 20, '150', '60', 1, '2019-08-24', 'N', 'N', '', '2019-09-08 16:54:50'),
(16, 2, '89326', 2, 1, 19, 0, 21, '198', '80', 1, '2019-08-24', 'N', 'N', '', '2019-09-08 16:54:50'),
(17, 2, '89326', 2, 1, 20, 0, 21, '157', '70', 1, '2019-08-24', 'N', 'N', '', '2019-09-08 16:54:50'),
(18, 2, '89326', 2, 1, 21, 0, 21, '196', '60', 1, '2019-08-24', 'N', 'N', '', '2019-09-08 16:54:50'),
(19, 2, '89326', 2, 1, 22, 0, 21, '197', '160', 1, '2019-08-24', 'N', 'N', '', '2019-09-08 16:54:50'),
(20, 2, '89326', 2, 1, 23, 0, 21, '110', '40', 1, '2019-08-24', 'N', 'N', '', '2019-09-08 16:54:50'),
(21, 2, '89326', 2, 1, 24, 0, 21, '190', '200', 1, '2019-08-24', 'N', 'N', '', '2019-09-08 16:54:50'),
(28, 2, '89326', 2, 1, 3, 0, 5, '160', '40', 1, '2019-09-04', 'N', 'N', '', '2019-09-08 16:54:50'),
(29, 2, '89326', 2, 1, 5, 0, 5, '152', '40', 1, '2019-09-04', 'N', 'N', '', '2019-09-08 16:54:50'),
(30, 2, '89326', 2, 1, 6, 0, 6, '156', '130', 1, '2019-09-04', 'N', 'N', '', '2019-09-08 16:54:50'),
(31, 2, '89326', 2, 1, 7, 0, 6, '190', '40', 1, '2019-09-04', 'N', 'N', '', '2019-09-08 16:54:50'),
(32, 2, '89326', 2, 1, 8, 0, 6, '152', '40', 1, '2019-09-04', 'N', 'N', '', '2019-09-08 16:54:50'),
(33, 2, '89326', 2, 1, 9, 0, 4, '93', '20', 2, '2019-09-04', 'N', 'N', '', '2019-09-08 16:54:50'),
(34, 2, '89326', 2, 1, 11, 0, 6, '158', '40', 1, '2019-09-04', 'N', 'N', '', '2019-09-08 16:54:50'),
(35, 2, '89326', 2, 1, 12, 0, 6, '143', '40', 1, '2019-09-04', 'N', 'N', '', '2019-09-08 16:54:50'),
(36, 2, '89326', 2, 1, 13, 0, 5, '130', '40', 1, '2019-09-04', 'N', 'N', '', '2019-09-08 16:54:50'),
(37, 2, '89326', 2, 1, 14, 0, 4, '91', '20', 2, '2019-09-04', 'N', 'N', '', '2019-09-08 16:54:50'),
(38, 2, '89326', 2, 1, 15, 0, 5, '155', '80', 1, '2019-09-04', 'N', 'N', '', '2019-09-08 16:54:50'),
(39, 2, '89326', 2, 1, 16, 0, 1, '60', '20', 3, '2019-09-04', 'N', 'N', '', '2019-09-08 16:54:50'),
(40, 2, '89326', 2, 1, 17, 0, 1, '60', '120', 3, '2019-09-04', 'N', 'N', '', '2019-09-08 16:54:50'),
(41, 2, '89326', 2, 1, 18, 0, 1, '60', '20', 3, '2019-09-04', 'N', 'N', '', '2019-09-08 16:54:50'),
(42, 2, '89326', 2, 1, 20, 0, 5, '185', '110', 1, '2019-09-04', 'N', 'N', '', '2019-09-08 16:54:50'),
(43, 2, '89326', 2, 1, 21, 0, 5, '157', '120', 1, '2019-09-04', 'N', 'N', '', '2019-09-08 16:54:50'),
(44, 2, '89326', 2, 1, 22, 0, 5, '152', '60', 1, '2019-09-04', 'N', 'N', '', '2019-09-08 16:54:50'),
(45, 2, '89326', 2, 1, 23, 0, 5, '210', '30', 1, '2019-09-04', 'N', 'N', '', '2019-09-08 16:54:50'),
(46, 2, '89326', 2, 1, 2, 1, 7, '130', '20', 2, '2019-09-05', 'N', 'N', '', '2019-09-08 16:54:50'),
(47, 2, '89326', 2, 1, 3, 1, 10, '170', '80', 1, '2019-09-05', 'N', 'N', '', '2019-09-08 16:54:50'),
(48, 2, '89326', 2, 1, 4, 1, 7, '130', '30', 2, '2019-09-05', 'N', 'N', '', '2019-09-08 16:54:50'),
(49, 2, '89326', 2, 1, 5, 1, 7, '107', '20', 2, '2019-09-05', 'N', 'N', '', '2019-09-08 16:54:50'),
(50, 2, '89326', 2, 1, 6, 1, 10, '160', '120', 1, '2019-09-05', 'N', 'N', '', '2019-09-08 16:54:50'),
(51, 2, '89326', 2, 1, 7, 1, 5, '40', '20', 2, '2019-09-05', 'N', 'N', '', '2019-09-08 16:54:50'),
(52, 2, '89326', 2, 1, 8, 2, 8, '90', '20', 2, '2019-09-05', 'N', 'N', '', '2019-09-08 16:54:50'),
(53, 2, '89326', 2, 1, 11, 3, 8, '85', '20', 2, '2019-09-05', 'N', 'N', '', '2019-09-08 16:54:50'),
(54, 2, '89326', 2, 1, 12, 4, 8, '130', '30', 2, '2019-09-05', 'N', 'N', '', '2019-09-08 16:54:50'),
(55, 2, '89326', 2, 1, 13, 4, 8, '92', '20', 2, '2019-09-05', 'N', 'N', '', '2019-09-08 16:54:50'),
(56, 2, '89326', 2, 1, 14, 3, 8, '130', '30', 2, '2019-09-05', 'N', 'N', '', '2019-09-08 16:54:50'),
(57, 2, '89326', 2, 1, 15, 5, 8, '67', '20', 2, '2019-09-05', 'N', 'N', '', '2019-09-08 16:54:50'),
(58, 2, '89326', 2, 1, 16, 6, 4, '40', '20', 3, '2019-09-05', 'N', 'N', '', '2019-09-08 16:54:50'),
(59, 2, '89326', 2, 1, 17, 6, 4, '55', '120', 3, '2019-09-05', 'N', 'N', '', '2019-09-08 16:54:50'),
(60, 2, '89326', 2, 1, 18, 7, 4, '40', '20', 3, '2019-09-05', 'N', 'N', '', '2019-09-08 16:54:50'),
(61, 2, '89326', 2, 1, 19, 8, 4, '40', '20', 3, '2019-09-05', 'N', 'N', '', '2019-09-08 16:54:50'),
(62, 2, '89326', 2, 1, 20, 8, 8, '110', '30', 2, '2019-09-05', 'N', 'N', '', '2019-09-08 16:54:50'),
(63, 2, '89326', 2, 1, 21, 12, 7, '80', '30', 2, '2019-09-05', 'N', 'N', '', '2019-09-08 16:54:50'),
(64, 2, '89326', 2, 1, 22, 14, 7, '80', '50', 2, '2019-09-05', 'N', 'N', '', '2019-09-08 16:54:50'),
(65, 2, '89326', 2, 1, 24, 15, 7, '80', '20', 2, '2019-09-05', 'N', 'N', '', '2019-09-08 16:54:50'),
(66, 2, '89326', 2, 1, 2, 1, 12, '165', '30', 1, '2019-09-06', 'N', 'N', '', '2019-09-08 16:54:50'),
(67, 2, '89326', 2, 1, 3, 2, 5, '112', '30', 2, '2019-09-06', 'N', 'N', '', '2019-09-08 16:54:50'),
(68, 2, '89326', 2, 1, 4, 3, 12, '150', '20', 1, '2019-09-06', 'N', 'N', '', '2019-09-08 16:54:50'),
(69, 2, '89326', 2, 1, 5, 5, 6, '152', '20', 2, '2019-09-06', 'N', 'N', '', '2019-09-08 16:54:50'),
(70, 2, '89326', 2, 1, 6, 4, 6, '105', '100', 2, '2019-09-06', 'N', 'N', '', '2019-09-08 16:54:50'),
(71, 2, '89326', 2, 1, 7, 6, 7, '145', '60', 2, '2019-09-06', 'N', 'N', '', '2019-09-08 16:54:50'),
(72, 2, '89326', 2, 1, 8, 7, 13, '142', '20', 1, '2019-09-06', 'N', 'N', '', '2019-09-08 16:54:50'),
(73, 2, '89326', 2, 1, 11, 10, 13, '138', '40', 1, '2019-09-06', 'N', 'N', '', '2019-09-08 16:54:50'),
(74, 2, '89326', 2, 1, 12, 11, 13, '164', '30', 1, '2019-09-06', 'N', 'N', '', '2019-09-08 16:54:50'),
(75, 2, '89326', 2, 1, 13, 12, 7, '185', '30', 1, '2019-09-06', 'N', 'N', '', '2019-09-08 16:54:50'),
(76, 2, '89326', 2, 1, 14, 13, 12, '157', '30', 1, '2019-09-06', 'N', 'N', '', '2019-09-08 16:54:50'),
(77, 2, '89326', 2, 1, 15, 14, 7, '60', '40', 2, '2019-09-06', 'N', 'N', '', '2019-09-08 16:54:50'),
(78, 2, '89326', 2, 1, 16, 15, 4, '65', '20', 3, '2019-09-06', 'N', 'N', '', '2019-09-08 16:54:50'),
(79, 2, '89326', 2, 1, 17, 16, 6, '129', '60', 2, '2019-09-06', 'N', 'N', '', '2019-09-08 16:54:50'),
(80, 2, '89326', 2, 1, 18, 17, 4, '65', '20', 3, '2019-09-06', 'N', 'N', '', '2019-09-08 16:54:50'),
(81, 2, '89326', 2, 1, 19, 18, 2, '82', '20', 3, '2019-09-06', 'N', 'N', '', '2019-09-08 16:54:50'),
(82, 2, '89326', 2, 1, 20, 19, 7, '93', '40', 2, '2019-09-06', 'N', 'N', '', '2019-09-08 16:54:50'),
(83, 2, '89326', 2, 1, 21, 20, 7, '93', '40', 2, '2019-09-06', 'N', 'N', '', '2019-09-08 16:54:50'),
(84, 2, '89326', 2, 1, 22, 21, 12, '158', '60', 1, '2019-09-06', 'N', 'N', '', '2019-09-08 16:54:50'),
(85, 2, '89326', 2, 1, 23, 22, 7, '100', '20', 2, '2019-09-06', 'N', 'N', '', '2019-09-08 16:54:50'),
(86, 2, '89326', 2, 1, 2, 1, 14, '132', '40', 1, '2019-09-07', 'N', 'N', '', '2019-09-08 16:54:50'),
(87, 2, '89326', 2, 1, 3, 1, 14, '170', '60', 1, '2019-09-07', 'N', 'N', '', '2019-09-08 16:54:50'),
(88, 2, '89326', 2, 1, 4, 1, 14, '150', '80', 1, '2019-09-07', 'N', 'N', '', '2019-09-08 16:54:50'),
(89, 2, '89326', 2, 1, 5, 1, 14, '147', '50', 1, '2019-09-07', 'N', 'N', '', '2019-09-08 16:54:50'),
(90, 2, '89326', 2, 1, 6, 1, 14, '176', '80', 1, '2019-09-07', 'N', 'N', '', '2019-09-08 16:54:50'),
(91, 2, '89326', 2, 1, 7, 1, 14, '147', '40', 1, '2019-09-07', 'N', 'N', '', '2019-09-08 16:54:50'),
(92, 2, '89326', 2, 1, 8, 1, 15, '150', '40', 1, '2019-09-07', 'N', 'N', '', '2019-09-08 16:54:50'),
(93, 2, '89326', 2, 1, 9, 1, 15, '150', '40', 1, '2019-09-07', 'N', 'N', '', '2019-09-08 16:54:50'),
(94, 2, '89326', 2, 1, 11, 1, 15, '156', '60', 1, '2019-09-07', 'N', 'N', '', '2019-09-08 16:54:50'),
(95, 2, '89326', 2, 1, 12, 1, 15, '157', '60', 1, '2019-09-07', 'N', 'N', '', '2019-09-08 16:54:50'),
(96, 2, '89326', 2, 1, 13, 1, 15, '176', '60', 1, '2019-09-07', 'N', 'N', '', '2019-09-08 16:54:50'),
(97, 2, '89326', 2, 1, 14, 1, 15, '196', '160', 1, '2019-09-07', 'N', 'N', '', '2019-09-08 16:54:50'),
(98, 2, '89326', 2, 1, 15, 1, 18, '140', '50', 1, '2019-09-07', 'N', 'N', '', '2019-09-08 16:54:50'),
(99, 2, '89326', 2, 1, 16, 1, 18, '200', '90', 1, '2019-09-07', 'N', 'N', '', '2019-09-08 16:54:50'),
(100, 2, '89326', 2, 1, 17, 1, 18, '157', '180', 1, '2019-09-07', 'N', 'N', '', '2019-09-08 16:54:50'),
(101, 2, '89326', 2, 1, 19, 1, 18, '182', '40', 1, '2019-09-07', 'N', 'N', '', '2019-09-08 16:54:50'),
(102, 2, '89326', 2, 1, 20, 1, 18, '205', '80', 1, '2019-09-07', 'N', 'N', '', '2019-09-08 16:54:50'),
(103, 2, '89326', 2, 1, 21, 1, 18, '205', '40', 1, '2019-09-07', 'N', 'N', '', '2019-09-08 16:54:50'),
(104, 2, '89326', 2, 1, 22, 1, 18, '140', '40', 1, '2019-09-07', 'N', 'N', '', '2019-09-08 16:54:50'),
(105, 2, '89326', 2, 1, 23, 1, 18, '140', '40', 1, '2019-09-07', 'N', 'N', '', '2019-09-08 16:54:50'),
(106, 2, '89326', 2, 1, 24, 1, 19, '180', '70', 1, '2019-09-07', 'N', 'N', '', '2019-09-08 16:54:50'),
(107, 2, '89326', 2, 1, 2, 1, 16, '196', '50', 1, '2019-09-09', 'N', 'N', '', '2019-09-09 15:30:53'),
(108, 2, '89326', 2, 1, 3, 1, 16, '200', '60', 1, '2019-09-09', 'N', 'N', '', '2019-09-09 15:31:32'),
(109, 2, '89326', 2, 1, 4, 1, 16, '172', '80', 1, '2019-09-09', 'N', 'N', '', '2019-09-09 15:32:16'),
(110, 2, '89326', 2, 1, 5, 1, 16, '166', '60', 1, '2019-09-09', 'N', 'N', '', '2019-09-09 15:32:56'),
(111, 2, '89326', 2, 1, 6, 1, 16, '167', '300', 1, '2019-09-09', 'N', 'N', '', '2019-09-09 15:33:43'),
(112, 2, '89326', 2, 1, 8, 1, 16, '155', '40', 1, '2019-09-09', 'N', 'N', '', '2019-09-09 15:34:29'),
(113, 2, '89326', 2, 1, 9, 1, 17, '250', '200', 1, '2019-09-09', 'N', 'N', '', '2019-09-09 15:35:13'),
(114, 2, '89326', 2, 1, 11, 1, 17, '167', '60', 1, '2019-09-09', 'N', 'N', '', '2019-09-09 15:36:16'),
(115, 2, '89326', 2, 1, 12, 1, 17, '170', '90', 1, '2019-09-09', 'N', 'N', '', '2019-09-09 15:36:56'),
(116, 2, '89326', 2, 1, 13, 1, 17, '150', '50', 1, '2019-09-09', 'N', 'N', '', '2019-09-09 15:37:40'),
(117, 2, '89326', 2, 1, 14, 1, 17, '170', '40', 1, '2019-09-09', 'N', 'N', '', '2019-09-09 15:38:33'),
(118, 2, '89326', 2, 1, 15, 1, 17, '170', '40', 1, '2019-09-09', 'N', 'N', '', '2019-09-09 15:39:24'),
(119, 2, '89326', 2, 1, 16, 1, 17, '180', '90', 1, '2019-09-09', 'N', 'N', '', '2019-09-09 15:40:31'),
(120, 2, '89326', 2, 1, 17, 1, 17, '158', '180', 1, '2019-09-09', 'N', 'N', '', '2019-09-09 15:41:32'),
(121, 2, '89326', 2, 1, 18, 1, 25, '171', '40', 1, '2019-09-09', 'N', 'N', '', '2019-09-09 15:42:21'),
(122, 2, '89326', 2, 1, 19, 1, 25, '140', '40', 1, '2019-09-09', 'N', 'N', '', '2019-09-09 15:43:48'),
(123, 2, '89326', 2, 1, 20, 1, 25, '167', '50', 1, '2019-09-09', 'N', 'N', '', '2019-09-09 15:45:30'),
(124, 2, '89326', 2, 1, 21, 1, 25, '156', '50', 1, '2019-09-09', 'N', 'N', '', '2019-09-09 15:46:22'),
(125, 2, '89326', 2, 1, 22, 1, 25, '178', '60', 1, '2019-09-09', 'N', 'N', '', '2019-09-09 15:47:14'),
(126, 2, '89326', 2, 1, 24, 1, 25, '184', '60', 1, '2019-09-09', 'N', 'N', '', '2019-09-09 15:53:53'),
(127, 2, '89326', 2, 1, 2, 1, 19, '147', '80', 1, '2019-09-10', 'N', 'N', '', '2019-09-10 15:58:10'),
(128, 2, '89326', 2, 1, 3, 1, 19, '160', '50', 1, '2019-09-10', 'N', 'N', '', '2019-09-10 15:59:10'),
(129, 2, '89326', 2, 1, 4, 1, 19, '167', '80', 1, '2019-09-10', 'N', 'N', '', '2019-09-10 16:00:10'),
(130, 2, '89326', 2, 1, 5, 1, 19, '151', '60', 1, '2019-09-10', 'N', 'N', '', '2019-09-10 16:01:51'),
(131, 2, '89326', 2, 1, 6, 1, 19, '148', '140', 1, '2019-09-10', 'N', 'N', '', '2019-09-10 16:02:35'),
(132, 2, '89326', 2, 1, 7, 1, 19, '235', '160', 1, '2019-09-10', 'N', 'N', '', '2019-09-10 16:03:37'),
(133, 2, '89326', 2, 1, 8, 1, 19, '144', '40', 1, '2019-09-10', 'N', 'N', '', '2019-09-10 16:04:43'),
(134, 2, '89326', 2, 1, 9, 1, 20, '154', '40', 1, '2019-09-10', 'N', 'N', '', '2019-09-10 16:05:48'),
(135, 2, '89326', 2, 1, 11, 1, 20, '157', '30', 1, '2019-09-10', 'N', 'N', '', '2019-09-10 16:06:35'),
(136, 2, '89326', 2, 1, 12, 1, 20, '198', '90', 1, '2019-09-10', 'N', 'N', '', '2019-09-10 16:07:43'),
(137, 2, '89326', 2, 1, 13, 1, 20, '100', '20', 1, '2019-09-10', 'N', 'N', '', '2019-09-10 16:09:34'),
(138, 2, '89326', 2, 1, 14, 1, 20, '152', '70', 1, '2019-09-10', 'N', 'N', '', '2019-09-10 16:10:29'),
(139, 2, '89326', 2, 1, 15, 1, 20, '110', '80', 1, '2019-09-10', 'N', 'N', '', '2019-09-10 16:11:49'),
(140, 2, '89326', 2, 1, 16, 1, 2, '67', '80', 3, '2019-09-10', 'N', 'N', '', '2019-09-10 16:14:13'),
(141, 2, '89326', 2, 1, 17, 1, 21, '162', '220', 1, '2019-09-10', 'N', 'N', '', '2019-09-10 16:15:18'),
(142, 2, '89326', 2, 1, 18, 1, 21, '151', '80', 1, '2019-09-10', 'N', 'N', '', '2019-09-10 16:16:49'),
(143, 2, '89326', 2, 1, 19, 1, 21, '250', '200', 1, '2019-09-10', 'N', 'N', '', '2019-09-10 16:17:58'),
(144, 2, '89326', 2, 1, 20, 1, 21, '156', '80', 1, '2019-09-10', 'N', 'N', '', '2019-09-10 16:19:00'),
(145, 2, '89326', 2, 1, 21, 1, 21, '150', '60', 1, '2019-09-10', 'N', 'N', '', '2019-09-10 16:20:04'),
(146, 2, '89326', 2, 1, 22, 1, 26, '160', '50', 1, '2019-09-10', 'N', 'N', '', '2019-09-10 16:21:10'),
(147, 2, '89326', 2, 1, 23, 1, 26, '147', '40', 1, '2019-09-10', 'N', 'N', '', '2019-09-10 16:21:56'),
(148, 2, '89326', 2, 1, 24, 1, 26, '146', '100', 1, '2019-09-10', 'N', 'N', '', '2019-09-10 16:22:38'),
(149, 2, '89326', 2, 1, 2, 1, 1, '80', '40', 3, '2019-09-11', 'N', 'N', '', '2019-09-11 14:58:29'),
(150, 2, '89326', 2, 1, 3, 1, 22, '175', '50', 1, '2019-09-11', 'N', 'N', '', '2019-09-11 14:59:39'),
(151, 2, '89326', 2, 1, 4, 1, 22, '160', '60', 1, '2019-09-11', 'N', 'N', '', '2019-09-11 15:01:28'),
(152, 2, '89326', 2, 1, 5, 1, 1, '40', '30', 3, '2019-09-11', 'N', 'N', '', '2019-09-11 15:03:05'),
(153, 2, '89326', 2, 1, 6, 1, 22, '171', '200', 1, '2019-09-11', 'N', 'N', '', '2019-09-11 15:06:13'),
(154, 2, '89326', 2, 1, 7, 1, 1, '45', '70', 3, '2019-09-11', 'N', 'N', '', '2019-09-11 15:07:00'),
(155, 2, '89326', 2, 1, 8, 1, 22, '150', '70', 1, '2019-09-11', 'N', 'N', '', '2019-09-11 15:07:47'),
(156, 2, '89326', 2, 1, 9, 1, 23, '200', '100', 1, '2019-09-11', 'N', 'N', '', '2019-09-11 15:09:08'),
(157, 2, '89326', 2, 1, 11, 1, 1, '35', '20', 3, '2019-09-11', 'N', 'N', '', '2019-09-11 15:10:11'),
(158, 2, '89326', 2, 1, 12, 1, 23, '152', '70', 1, '2019-09-11', 'N', 'N', '', '2019-09-11 15:11:02'),
(159, 2, '89326', 2, 1, 13, 1, 1, '50', '30', 3, '2019-09-11', 'N', 'N', '', '2019-09-11 15:11:48'),
(160, 2, '89326', 2, 1, 14, 1, 23, '197', '120', 1, '2019-09-11', 'N', 'N', '', '2019-09-11 15:13:11'),
(161, 2, '89326', 2, 1, 15, 1, 24, '150', '40', 1, '2019-09-11', 'N', 'N', '', '2019-09-11 15:14:11'),
(162, 2, '89326', 2, 1, 16, 1, 1, '45', '50', 3, '2019-09-11', 'N', 'N', '', '2019-09-11 15:15:11'),
(163, 2, '89326', 2, 1, 17, 1, 1, '46', '140', 3, '2019-09-11', 'N', 'N', '', '2019-09-11 15:15:57'),
(164, 2, '89326', 2, 1, 18, 1, 1, '56', '20', 3, '2019-09-11', 'N', 'N', '', '2019-09-11 15:16:47'),
(165, 2, '89326', 2, 1, 19, 1, 1, '100', '40', 3, '2019-09-11', 'N', 'N', '', '2019-09-11 15:17:29'),
(166, 2, '89326', 2, 1, 21, 1, 23, '165', '40', 1, '2019-09-11', 'N', 'N', '', '2019-09-11 15:18:35'),
(167, 2, '89326', 2, 1, 22, 1, 1, '45', '90', 3, '2019-09-11', 'N', 'N', '', '2019-09-11 15:19:20'),
(168, 2, '89326', 2, 1, 23, 1, 24, '150', '60', 1, '2019-09-11', 'N', 'N', '', '2019-09-11 15:20:07'),
(169, 2, '89326', 2, 1, 24, 1, 24, '150', '60', 1, '2019-09-11', 'N', 'N', '', '2019-09-11 15:20:52'),
(170, 2, '89326', 2, 1, 2, 1, 5, '194', '60', 1, '2019-09-12', 'N', 'N', '', '2019-09-12 14:58:17'),
(171, 2, '89326', 2, 1, 3, 1, 5, '161', '60', 1, '2019-09-12', 'N', 'N', '', '2019-09-12 14:59:00'),
(172, 2, '89326', 2, 1, 4, 1, 5, '157', '80', 1, '2019-09-12', 'N', 'N', '', '2019-09-12 14:59:53'),
(173, 2, '89326', 2, 1, 6, 1, 5, '148', '120', 1, '2019-09-12', 'N', 'N', '', '2019-09-12 15:00:34'),
(174, 2, '89326', 2, 1, 7, 1, 5, '138', '80', 1, '2019-09-12', 'N', 'N', '', '2019-09-12 15:01:47'),
(175, 2, '89326', 2, 1, 8, 1, 5, '144', '80', 1, '2019-09-12', 'N', 'N', '', '2019-09-12 15:04:05'),
(176, 2, '89326', 2, 1, 9, 1, 6, '200', '80', 1, '2019-09-12', 'N', 'N', '', '2019-09-12 15:05:00'),
(177, 2, '89326', 2, 1, 11, 1, 6, '176', '80', 1, '2019-09-12', 'N', 'N', '', '2019-09-12 15:06:19'),
(178, 2, '89326', 2, 1, 12, 1, 11, '163', '70', 1, '2019-09-12', 'N', 'N', '', '2019-09-12 15:07:19'),
(179, 2, '89326', 2, 1, 13, 1, 11, '148', '110', 1, '2019-09-12', 'N', 'N', '', '2019-09-12 15:08:23'),
(180, 2, '89326', 2, 1, 14, 1, 11, '150', '110', 1, '2019-09-12', 'N', 'N', '', '2019-09-12 15:09:22'),
(181, 2, '89326', 2, 1, 15, 1, 11, '150', '110', 1, '2019-09-12', 'N', 'N', '', '2019-09-12 15:10:14'),
(182, 2, '89326', 2, 1, 16, 1, 9, '90', '40', 2, '2019-09-12', 'N', 'N', '', '2019-09-12 15:11:30'),
(183, 2, '89326', 2, 1, 17, 1, 22, '164', '250', 1, '2019-09-12', 'N', 'N', '', '2019-09-12 15:12:27'),
(184, 2, '89326', 2, 1, 18, 1, 4, '50', '20', 3, '2019-09-12', 'N', 'N', '', '2019-09-12 15:13:26'),
(185, 2, '89326', 2, 1, 19, 1, 4, '50', '20', 3, '2019-09-12', 'N', 'N', '', '2019-09-12 15:14:08'),
(186, 2, '89326', 2, 1, 21, 1, 22, '147', '80', 1, '2019-09-12', 'N', 'N', '', '2019-09-12 15:14:58'),
(187, 2, '89326', 2, 1, 22, 1, 22, '148', '60', 1, '2019-09-12', 'N', 'N', '', '2019-09-12 15:15:46'),
(188, 2, '89326', 2, 1, 23, 1, 9, '90', '30', 2, '2019-09-12', 'N', 'N', '', '2019-09-12 15:16:46'),
(189, 2, '89326', 2, 1, 24, 1, 9, '90', '30', 2, '2019-09-12', 'N', 'N', '', '2019-09-12 15:17:33'),
(190, 2, '89326', 2, 1, 2, 1, 6, '120', '70', 2, '2019-09-13', 'N', 'N', '', '2019-09-13 13:55:42'),
(191, 2, '89326', 2, 1, 3, 1, 6, '95', '30', 2, '2019-09-13', 'N', 'N', '', '2019-09-13 13:56:30'),
(192, 2, '89326', 2, 1, 4, 1, 6, '125', '120', 2, '2019-09-13', 'N', 'N', '', '2019-09-13 13:57:13'),
(193, 2, '89326', 2, 1, 5, 1, 6, '92', '40', 2, '2019-09-13', 'N', 'N', '', '2019-09-13 13:57:54'),
(194, 2, '89326', 2, 1, 6, 1, 5, '41', '20', 3, '2019-09-13', 'N', 'N', '', '2019-09-13 13:59:13'),
(195, 2, '89326', 2, 1, 7, 1, 6, '120', '100', 2, '2019-09-13', 'N', 'N', '', '2019-09-13 14:00:12'),
(196, 2, '89326', 2, 1, 8, 1, 6, '80', '20', 2, '2019-09-13', 'N', 'N', '', '2019-09-13 14:01:06'),
(197, 2, '89326', 2, 1, 9, 1, 7, '105', '80', 2, '2019-09-13', 'N', 'N', '', '2019-09-13 14:02:02'),
(198, 2, '89326', 2, 1, 11, 1, 7, '60', '20', 2, '2019-09-13', 'N', 'N', '', '2019-09-13 14:02:50'),
(199, 2, '89326', 2, 1, 12, 1, 7, '107', '40', 2, '2019-09-13', 'N', 'N', '', '2019-09-13 14:03:31'),
(200, 2, '89326', 2, 1, 13, 1, 7, '80', '20', 2, '2019-09-13', 'N', 'N', '', '2019-09-13 14:04:31'),
(201, 2, '89326', 2, 1, 14, 1, 7, '100', '40', 2, '2019-09-13', 'N', 'N', '', '2019-09-13 14:05:25'),
(202, 2, '89326', 2, 1, 15, 1, 7, '100', '40', 2, '2019-09-13', 'N', 'N', '', '2019-09-13 14:06:07'),
(203, 2, '89326', 2, 1, 16, 1, 8, '120', '80', 2, '2019-09-13', 'N', 'N', '', '2019-09-13 14:07:20'),
(204, 2, '89326', 2, 1, 17, 1, 5, '40', '140', 3, '2019-09-13', 'N', 'N', '', '2019-09-13 14:08:21'),
(205, 2, '89326', 2, 1, 18, 1, 8, '110', '40', 2, '2019-09-13', 'N', 'N', '', '2019-09-13 14:10:29'),
(206, 2, '89326', 2, 1, 19, 1, 8, '80', '40', 2, '2019-09-13', 'N', 'N', '', '2019-09-13 14:11:14'),
(207, 2, '89326', 2, 1, 20, 1, 8, '122', '40', 2, '2019-09-13', 'N', 'N', '', '2019-09-13 14:12:07'),
(208, 2, '89326', 2, 1, 22, 1, 8, '65', '30', 2, '2019-09-13', 'N', 'N', '', '2019-09-13 14:12:51'),
(209, 2, '89326', 2, 1, 24, 1, 8, '110', '40', 2, '2019-09-13', 'N', 'N', '', '2019-09-13 14:13:31'),
(210, 2, '89326', 2, 1, 2, 1, 12, '157', '40', 1, '2019-09-14', 'N', 'N', '', '2019-09-14 14:34:17'),
(211, 2, '89326', 2, 1, 3, 1, 12, '164', '40', 1, '2019-09-14', 'N', 'N', '', '2019-09-14 14:34:58'),
(212, 2, '89326', 2, 1, 4, 1, 6, '105', '60', 2, '2019-09-14', 'N', 'N', '', '2019-09-14 14:36:07'),
(213, 2, '89326', 2, 1, 5, 1, 12, '110', '30', 1, '2019-09-14', 'N', 'N', '', '2019-09-14 14:36:59'),
(214, 2, '89326', 2, 1, 6, 1, 6, '120', '150', 2, '2019-09-14', 'N', 'N', '', '2019-09-14 14:37:55'),
(215, 2, '89326', 2, 1, 7, 1, 12, '157', '40', 1, '2019-09-14', 'N', 'N', '', '2019-09-14 14:38:42'),
(216, 2, '89326', 2, 1, 8, 1, 13, '126', '30', 1, '2019-09-14', 'N', 'N', '', '2019-09-14 14:39:34'),
(217, 2, '89326', 2, 1, 9, 1, 13, '150', '100', 1, '2019-09-14', 'N', 'N', '', '2019-09-14 14:40:17'),
(218, 2, '89326', 2, 1, 11, 1, 13, '126', '30', 1, '2019-09-14', 'N', 'N', '', '2019-09-14 14:41:01'),
(219, 2, '89326', 2, 1, 12, 1, 13, '167', '40', 1, '2019-09-14', 'N', 'N', '', '2019-09-14 14:41:40'),
(220, 2, '89326', 2, 1, 13, 1, 13, '118', '40', 1, '2019-09-14', 'N', 'N', '', '2019-09-14 14:42:19'),
(221, 2, '89326', 2, 1, 14, 1, 18, '205', '80', 1, '2019-09-14', 'N', 'N', '', '2019-09-14 14:43:18'),
(222, 2, '89326', 2, 1, 15, 1, 6, '75', '80', 2, '2019-09-14', 'N', 'N', '', '2019-09-14 14:44:08'),
(223, 2, '89326', 2, 1, 16, 1, 18, '162', '40', 1, '2019-09-14', 'N', 'N', '', '2019-09-14 14:45:17'),
(224, 2, '89326', 2, 1, 17, 1, 6, '100', '200', 2, '2019-09-14', 'N', 'N', '', '2019-09-14 14:46:01'),
(225, 2, '89326', 2, 1, 18, 1, 18, '115', '40', 1, '2019-09-14', 'N', 'N', '', '2019-09-14 14:46:58'),
(226, 2, '89326', 2, 1, 19, 1, 2, '70', '120', 3, '2019-09-14', 'N', 'N', '', '2019-09-14 14:48:33'),
(227, 2, '89326', 2, 1, 20, 1, 19, '141', '40', 1, '2019-09-14', 'N', 'N', '', '2019-09-14 14:49:22'),
(228, 2, '89326', 2, 1, 22, 1, 19, '130', '40', 1, '2019-09-14', 'N', 'N', '', '2019-09-14 14:50:14'),
(229, 2, '89326', 2, 1, 23, 1, 19, '182', '80', 1, '2019-09-14', 'N', 'N', '', '2019-09-14 14:51:15'),
(230, 2, '89326', 2, 1, 24, 1, 19, '135', '60', 1, '2019-09-14', 'N', 'N', '', '2019-09-14 14:51:50'),
(231, 2, '89326', 2, 1, 3, 1, 50, '124', '40', 1, '2019-09-15', 'N', 'N', '', '2019-09-15 14:50:04'),
(232, 2, '89326', 2, 1, 4, 1, 50, '102', '30', 1, '2019-09-15', 'N', 'N', '', '2019-09-15 14:50:46'),
(233, 2, '89326', 2, 1, 6, 1, 50, '132', '200', 1, '2019-09-15', 'N', 'N', '', '2019-09-15 14:51:39'),
(234, 2, '89326', 2, 1, 7, 1, 50, '83', '70', 1, '2019-09-15', 'N', 'N', '', '2019-09-15 14:52:56'),
(235, 2, '89326', 2, 1, 8, 1, 50, '100', '20', 1, '2019-09-15', 'N', 'N', '', '2019-09-15 14:53:41'),
(236, 2, '89326', 2, 1, 9, 1, 50, '100', '30', 1, '2019-09-15', 'N', 'N', '', '2019-09-15 14:54:32'),
(237, 2, '89326', 2, 1, 12, 1, 50, '107', '40', 1, '2019-09-15', 'N', 'N', '', '2019-09-15 14:55:12'),
(238, 2, '89326', 2, 1, 13, 1, 51, '100', '40', 1, '2019-09-15', 'N', 'N', '', '2019-09-15 14:55:58'),
(239, 2, '89326', 2, 1, 14, 1, 51, '148', '100', 1, '2019-09-15', 'N', 'N', '', '2019-09-15 14:56:48'),
(240, 2, '89326', 2, 1, 15, 1, 51, '105', '30', 1, '2019-09-15', 'N', 'N', '', '2019-09-15 14:57:41'),
(241, 2, '89326', 2, 1, 16, 1, 51, '270', '160', 1, '2019-09-15', 'N', 'N', '', '2019-09-15 14:58:27'),
(242, 2, '89326', 2, 1, 17, 1, 51, '100', '180', 1, '2019-09-15', 'N', 'N', '', '2019-09-15 14:59:11'),
(243, 2, '89326', 2, 1, 20, 1, 51, '100', '20', 1, '2019-09-15', 'N', 'N', '', '2019-09-15 14:59:51'),
(244, 2, '89326', 2, 1, 23, 1, 51, '115', '40', 1, '2019-09-15', 'N', 'N', '', '2019-09-15 15:00:29'),
(245, 2, '89326', 2, 1, 2, 1, 17, '190', '80', 1, '2019-09-16', 'N', 'N', '', '2019-09-16 15:27:52'),
(246, 2, '89326', 2, 1, 3, 1, 17, '150', '60', 1, '2019-09-16', 'N', 'N', '', '2019-09-16 15:28:35'),
(247, 2, '89326', 2, 1, 4, 1, 17, '150', '60', 1, '2019-09-16', 'N', 'N', '', '2019-09-16 15:29:17'),
(248, 2, '89326', 2, 1, 5, 1, 17, '141', '40', 1, '2019-09-16', 'N', 'N', '', '2019-09-16 15:30:17'),
(249, 2, '89326', 2, 1, 6, 1, 17, '160', '200', 1, '2019-09-16', 'N', 'N', '', '2019-09-16 15:31:20'),
(250, 2, '89326', 2, 1, 7, 1, 17, '136', '80', 1, '2019-09-16', 'N', 'N', '', '2019-09-16 15:32:04'),
(251, 2, '89326', 2, 1, 8, 1, 17, '95', '30', 1, '2019-09-16', 'N', 'N', '', '2019-09-16 15:33:10'),
(252, 2, '89326', 2, 1, 9, 1, 17, '145', '30', 1, '2019-09-16', 'N', 'N', '', '2019-09-16 15:34:07'),
(253, 2, '89326', 2, 1, 11, 1, 25, '156', '40', 1, '2019-09-16', 'N', 'N', '', '2019-09-16 15:34:58'),
(254, 2, '89326', 2, 1, 12, 1, 25, '140', '40', 1, '2019-09-16', 'N', 'N', '', '2019-09-16 15:35:57'),
(255, 2, '89326', 2, 1, 13, 1, 25, '123', '80', 1, '2019-09-16', 'N', 'N', '', '2019-09-16 15:36:58'),
(256, 2, '89326', 2, 1, 14, 1, 25, '165', '100', 1, '2019-09-16', 'N', 'N', '', '2019-09-16 15:37:49'),
(257, 2, '89326', 2, 1, 15, 1, 25, '120', '40', 1, '2019-09-16', 'N', 'N', '', '2019-09-16 15:38:42'),
(258, 2, '89326', 2, 1, 16, 1, 3, '67', '80', 3, '2019-09-16', 'N', 'N', '', '2019-09-16 15:39:52'),
(259, 2, '89326', 2, 1, 17, 1, 25, '120', '180', 1, '2019-09-16', 'N', 'N', '', '2019-09-16 15:40:36'),
(260, 2, '89326', 2, 1, 19, 1, 2, '76', '40', 3, '2019-09-16', 'N', 'N', '', '2019-09-16 15:41:29'),
(261, 2, '89326', 2, 1, 20, 1, 25, '146', '40', 1, '2019-09-16', 'N', 'N', '', '2019-09-16 15:42:12'),
(262, 2, '89326', 2, 1, 21, 1, 26, '138', '40', 1, '2019-09-16', 'N', 'N', '', '2019-09-16 15:43:11'),
(263, 2, '89326', 2, 1, 22, 1, 26, '130', '40', 1, '2019-09-16', 'N', 'N', '', '2019-09-16 15:43:53'),
(264, 2, '89326', 2, 1, 23, 1, 26, '140', '40', 1, '2019-09-16', 'N', 'N', '', '2019-09-16 15:44:55'),
(265, 2, '89326', 2, 1, 24, 1, 26, '150', '60', 1, '2019-09-16', 'N', 'N', '', '2019-09-16 15:45:54');

-- --------------------------------------------------------

--
-- Struktur dari tabel `tbl_pemanen`
--

CREATE TABLE `tbl_pemanen` (
  `id` int(11) NOT NULL,
  `id_kerani_askep` int(11) NOT NULL,
  `id_kerani_kcs` varchar(222) NOT NULL,
  `id_mandor` varchar(222) NOT NULL,
  `id_kebun` int(11) NOT NULL,
  `id_afdeling` int(11) NOT NULL,
  `nama_pemanen` varchar(222) NOT NULL,
  `photo` varchar(222) NOT NULL,
  `barcode` varchar(222) NOT NULL,
  `img_barcode` varchar(222) NOT NULL,
  `keterangan` text NOT NULL
) ENGINE=InnoDB DEFAULT CHARSET=latin1;

--
-- Dumping data untuk tabel `tbl_pemanen`
--

INSERT INTO `tbl_pemanen` (`id`, `id_kerani_askep`, `id_kerani_kcs`, `id_mandor`, `id_kebun`, `id_afdeling`, `nama_pemanen`, `photo`, `barcode`, `img_barcode`, `keterangan`) VALUES
(2, 2, '89326', '28069', 2, 1, 'Paijo', 'c2b2a1af56ce2c712b760de1104bf9b0.jpg', 'PTPN-II-0020', 'PTPN-II-0020.png', 'Pekebun Sawit'),
(3, 2, '89326', '28069', 2, 1, 'Jumadi', '09ecbddc5878a6bae727c9d3d1fc941f.jpg', 'PTPN-II-0021', 'PTPN-II-0021.png', 'Pekebun Sawit'),
(4, 2, '89326', '28069', 2, 1, 'Awalludin Mahrub', '45f2eb94ab22cd50a363b655a38456e2.jpg', 'PTPN-II-0022', 'PTPN-II-0022.png', 'Pekebun Sawit'),
(5, 2, '89326', '28069', 2, 1, 'Zainal Abidin Tarigan', 'c5d7ba67ade31f34eb5df869e514f3dc.jpg', 'PTPN-II-0023', 'PTPN-II-0023.png', 'Pekebun Sawit'),
(6, 2, '89326', '28069', 2, 1, 'Sopiyan Hadi', 'c0882190548650395ff2980cbf86b687.jpg', 'PTPN-II-0024', 'PTPN-II-0024.png', 'Pekebun Sawit'),
(7, 2, '89326', '28069', 2, 1, 'Pandu Wilantara', '3ae2b27ce97d1b4de31b22bfa313c9ce.jpg', 'PTPN-II-0025', 'PTPN-II-0025.png', 'Pekebun Sawit'),
(8, 2, '89326', '28069', 2, 1, 'Irwansyah', '678543ec9e25bb812d49535f98d8c15b.jpg', 'PTPN-II-0026', 'PTPN-II-0026.png', 'Pekebun Sawit'),
(9, 2, '89326', '28069', 2, 1, 'Jhon HP Panggabean', 'e5e173b0befba81821e31ce92b586734.jpg', 'PTPN-II-0027', 'PTPN-II-0027.png', 'Pekebun Sawit'),
(10, 2, '89326', '28069', 2, 1, 'Yitno', 'db23b281e0de545c3ce935b2e85ad139.jpg', 'PTPN-II-0028', 'PTPN-II-0028.png', 'Pekebun Sawit'),
(11, 2, '89326', '28069', 2, 1, 'Tuahni P Sipayung', '97707e50734c363d32fd6981c09c0a2f.jpg', 'PTPN-II-0029', 'PTPN-II-0029.png', 'Pekebun Sawit'),
(12, 2, '89326', '28069', 2, 1, 'Syaputra', 'e43397c0ec294876d6f6cd3dd6e3f62d.jpg', 'PTPN-II-0030', 'PTPN-II-0030.png', 'Pekebun Sawit'),
(13, 2, '89326', '28069', 2, 1, 'Sucipto', 'eaa6d6fcf2ea4375fb9974d54e0fa3ae.jpg', 'PTPN-II-0031', 'PTPN-II-0031.png', 'Pekebun Sawit'),
(14, 2, '89326', '28069', 2, 1, 'Tambak Purba', '8de8d35c069e70f89c5750eab9700348.jpg', 'PTPN-II-0032', 'PTPN-II-0032.png', 'Pekebun Sawit'),
(15, 2, '89326', '28069', 2, 1, 'Bandot', 'afa450c2a252b2f67d47a1df5ad57802.jpg', 'PTPN-II-0033', 'PTPN-II-0033.png', 'Pekebun Sawit'),
(16, 2, '89326', '28069', 2, 1, 'Supriadi', 'b2c89e7b347e9d62abf1164c87db48a6.jpg', 'PTPN-II-0034', 'PTPN-II-0034.png', 'Pekebun Sawit'),
(17, 2, '89326', '28069', 2, 1, 'Sugirin', 'ba604abdcfe841b7044299b0fb7bc916.jpg', 'PTPN-II-0035', 'PTPN-II-0035.png', 'Pekebun Sawit'),
(18, 2, '89326', '28069', 2, 1, 'Abdul Jamal', '1ad77e74fdaa4914a5064d129a47dabb.jpg', 'PTPN-II-0036', 'PTPN-II-0036.png', 'Pekebun Sawit'),
(19, 2, '89326', '28069', 2, 1, 'Ponirin', '40c406a415d058b47bbd51888c81e97e.jpg', 'PTPN-II-0037', 'PTPN-II-0037.png', 'Pekebun Sawit'),
(20, 2, '89326', '28069', 2, 1, 'Dedi Suherman', '7b9d655ad6e4408401ddba59ee595176.jpg', 'PTPN-II-0038', 'PTPN-II-0038.png', 'Pekebun Sawit'),
(21, 2, '89326', '28069', 2, 1, 'Firman Simatupang', 'b81f5cea093a9a1ef46cfd636e70a21a.jpg', 'PTPN-II-0039', 'PTPN-II-0039.png', 'Pekebun Sawit'),
(22, 2, '89326', '28069', 2, 1, 'Supandiono', 'e10599a551b0fbabf2d0c932e68657e4.jpg', 'PTPN-II-0040', 'PTPN-II-0040.png', 'Pekebun Sawit'),
(23, 2, '89326', '28069', 2, 1, 'Dapit N Panggabean', '264e40a10fa0ffab526d6e0fc4ea9bc6.jpg', 'PTPN-II-0041', 'PTPN-II-0041.png', 'Pekebun Sawit'),
(24, 2, '89326', '28069', 2, 1, 'Verry Naldo Pardede', '387156aac9a8442fce1e77d9f23091eb.jpg', 'PTPN-II-0042', 'PTPN-II-0042.png', 'Pekebun Sawit'),
(29, 0, '', '', 0, 0, 'Muspan', 'f8022d4add9a144867c95e67772848bd.jpeg', 'PTPN-II-0046', 'PTPN-II-0046.png', 'Pemanen'),
(30, 0, '', '', 0, 0, 'Selamet', 'b143906a2a6b7a81c75a439594d09c03.jpeg', 'PTPN-II-0047', 'PTPN-II-0047.png', 'Pemanen'),
(32, 2, '38176', '81563', 2, 2, 'Wagimin', 'b4ea5d1909ab689ceb3d70d1c6f0e022.jpeg', 'PTPN-II-0049', 'PTPN-II-0049.png', 'Pemanen'),
(33, 2, '38176', '81563', 2, 2, 'Nasib Barus', 'ea5ec87506f000dded5519bc92188556.jpeg', 'PTPN-II-0050', 'PTPN-II-0050.png', 'Pemanen'),
(34, 2, '38176', '81563', 2, 2, 'Agustono', '4e1686be38a8538412132612dc7fa34e.jpeg', 'PTPN-II-0051', 'PTPN-II-0051.png', 'Pemanen'),
(35, 2, '38176', '81563', 2, 2, 'M. Yunus', '128060a7b31f3853cdbe3e591a445f2d.jpeg', 'PTPN-II-0052', 'PTPN-II-0052.png', 'Pemanen'),
(36, 2, '38176', '81563', 2, 2, 'Supandi', 'a2c67374bdd57341a98a13f12db23e24.jpeg', 'PTPN-II-0053', 'PTPN-II-0053.png', 'Pemanen'),
(37, 2, '38176', '81563', 2, 2, 'Endri Sugianto', 'b6bd87b69406859efdcbfa415de63916.jpeg', 'PTPN-II-0054', 'PTPN-II-0054.png', 'Pemanen'),
(38, 2, '38176', '81563', 2, 2, 'Pujiadi', '3c304885b6717ecfe6f9d49a0907e273.jpeg', 'PTPN-II-0055', 'PTPN-II-0055.png', 'Pemanen'),
(39, 2, '38176', '81563', 2, 2, 'Feri Padli', 'c494bf24edb3b66b0a2135323f3ac93c.jpeg', 'PTPN-II-0056', 'PTPN-II-0056.png', 'Pemanen'),
(40, 2, '38176', '81563', 2, 2, 'Sunardi', '2980b06405cb2b769f1cd540760aae43.jpeg', 'PTPN-II-0057', 'PTPN-II-0057.png', 'Pemanen'),
(41, 2, '38176', '81563', 2, 2, 'Sumarno', '8cb4da067dd5fc808401b3388e8fb150.jpeg', 'PTPN-II-0058', 'PTPN-II-0058.png', 'Pemanen'),
(42, 2, '38176', '81563', 2, 2, 'Syawal', '1b313ad592c79dd988827251e5dd7304.jpeg', 'PTPN-II-0059', 'PTPN-II-0059.png', 'Pemanen'),
(43, 2, '38176', '81563', 2, 2, 'Yuswanto', 'dcc3a5826ba0514abf5748bbf70ea8f2.jpeg', 'PTPN-II-0060', 'PTPN-II-0060.png', 'Pemanen'),
(44, 2, '38176', '81563', 2, 2, 'Herdianto  Barus', 'd16d481f91f87f83cd01cda0251dcfda.jpeg', 'PTPN-II-0061', 'PTPN-II-0061.png', 'Pemanen'),
(45, 2, '38176', '81563', 2, 2, 'Safnel', 'adfc2b39c2a210b65c9402d6a1ab5817.jpeg', 'PTPN-II-0062', 'PTPN-II-0062.png', 'Pemanen'),
(46, 2, '38176', '81563', 2, 2, 'Ramin', '625cc9246d20a2f49ba1abfe50d4fd3c.jpeg', 'PTPN-II-0063', 'PTPN-II-0063.png', 'Pemanen'),
(47, 2, '38176', '81563', 2, 2, 'Erlangga', 'f0d6f73572ba92620e97106d335720a1.jpeg', 'PTPN-II-0064', 'PTPN-II-0064.png', 'Pemanen'),
(48, 2, '38176', '81563', 2, 2, 'Budi Wijaya', 'b88ecce0a8a9b62e9f9a1e54253e35e2.jpeg', 'PTPN-II-0065', 'PTPN-II-0065.png', 'Pemanen'),
(49, 2, '24509', '41786', 2, 3, 'Budi Hermanto', '6e63b05f7f360ef34730596f17629748.jpeg', 'PTPN-II-0066', 'PTPN-II-0066.png', 'Pemanen'),
(50, 2, '24509', '41786', 2, 3, 'Suherlin', '36ddefde498045e8b9e3afb5e3ceea21.jpeg', 'PTPN-II-0067', 'PTPN-II-0067.png', 'Pemanen'),
(51, 2, '24509', '41786', 2, 3, 'Surianto', 'dc1b17bcc224df37a5173aa83f6ae3c6.jpeg', 'PTPN-II-0068', 'PTPN-II-0068.png', 'Pemanen'),
(52, 2, '24509', '41786', 2, 3, 'Sudirman', '456d415da87e0da0c4b341eafe76fa27.jpeg', 'PTPN-II-0069', 'PTPN-II-0069.png', 'Pemanen'),
(53, 2, '24509', '41786', 2, 3, 'Hendrayana Lubis', 'a3419ca9d876d891879ea7a25f139013.jpeg', 'PTPN-II-0070', 'PTPN-II-0070.png', 'Pemanen'),
(54, 2, '24509', '41786', 2, 3, 'Supriono Tampubolon', 'fe73ef328344a91181f13b21564a4ce4.jpeg', 'PTPN-II-0071', 'PTPN-II-0071.png', 'Pemanen'),
(55, 2, '24509', '41786', 2, 3, 'Hariyanto', '32983237e760749320c320b942601143.jpeg', 'PTPN-II-0072', 'PTPN-II-0072.png', 'Pemanen'),
(56, 2, '24509', '41786', 2, 3, 'Ruslan', 'bacd2989175d071bb2b273f736c8e209.jpeg', 'PTPN-II-0073', 'PTPN-II-0073.png', 'Pemanen'),
(57, 2, '24509', '41786', 2, 3, 'Sukisno', 'dc88120723bc5cfc3dda64cf772d965f.jpeg', 'PTPN-II-0074', 'PTPN-II-0074.png', 'Pemanen'),
(58, 2, '24509', '41786', 2, 3, 'Arianto Sitorus', '109327fc89a6db4eb15d293e181a2a1a.jpeg', 'PTPN-II-0075', 'PTPN-II-0075.png', 'Pemanen'),
(59, 2, '24509', '41786', 2, 3, 'Junaidi II', '512b5eb51cbe5fc0b5ccc87e7a48603b.jpeg', 'PTPN-II-0076', 'PTPN-II-0076.png', 'Pemanen'),
(60, 2, '24509', '41786', 2, 3, 'Agus Sunawan', 'b375c7fccf4861a8f5616e4ec2ff7f7e.jpeg', 'PTPN-II-0077', 'PTPN-II-0077.png', 'Pemanen'),
(61, 2, '24509', '41786', 2, 3, 'Danil Agus Masdianto', 'e7fbcb4ef085801efbe888c105f3cf89.jpeg', 'PTPN-II-0078', 'PTPN-II-0078.png', 'Pemanen'),
(62, 2, '24509', '41786', 2, 3, 'Junaidi I', 'b526b7f592b0647def7fb64dab5ded67.jpeg', 'PTPN-II-0079', 'PTPN-II-0079.png', 'Pemanen'),
(63, 2, '24509', '41786', 2, 3, 'Bambang Erwadi', 'b1ab61542d648322ff0628c027f57f46.jpeg', 'PTPN-II-0080', 'PTPN-II-0080.png', 'Pemanen'),
(64, 2, '24509', '41786', 2, 3, 'Coki Faisal', '14c3496ed6bbc8c3d1e1a3d4a1f9afb8.jpeg', 'PTPN-II-0081', 'PTPN-II-0081.png', 'Pemanen'),
(65, 2, '70681', '28543', 2, 4, 'Sugiarto', '02a0b14d5f178fbdc2c6ef7ed3c6c716.jpg', 'PTPN-II-0082', 'PTPN-II-0082.png', 'Pemanen'),
(66, 2, '70681', '28543', 2, 4, 'Leo Waldi', '9b8de95fb59a4f028411e88ba8292b38.jpg', 'PTPN-II-0083', 'PTPN-II-0083.png', 'Pemanen'),
(67, 2, '70681', '28543', 2, 4, 'Suhardianto', 'dcf4d22ca544a95ebdc80e67f8a8a0df.jpg', 'PTPN-II-0084', 'PTPN-II-0084.png', 'Pemanen'),
(68, 2, '70681', '28543', 2, 4, 'Suheri', '9ca50deab6ddbeeef6e4e801d0eb9491.jpg', 'PTPN-II-0085', 'PTPN-II-0085.png', 'Pemanen'),
(69, 2, '70681', '28543', 2, 4, 'Samingan', '80ecdeb89a20b2aa4f661341cb11f451.jpg', 'PTPN-II-0086', 'PTPN-II-0086.png', 'Pemanen'),
(70, 2, '70681', '28543', 2, 4, 'Suprayetno', 'de8a920b4b7bfb3db8b4d5392c0662d5.jpg', 'PTPN-II-0087', 'PTPN-II-0087.png', 'Pemanen'),
(71, 2, '70681', '28543', 2, 4, 'M. Safii', '31157578a098319ac75bd1d4d7ca58c3.jpg', 'PTPN-II-0088', 'PTPN-II-0088.png', 'Pemanen'),
(72, 2, '70681', '28543', 2, 4, 'sugito', 'bec0766748691b172de6e46011b583dd.jpg', 'PTPN-II-0089', 'PTPN-II-0089.png', 'Pemanen'),
(73, 2, '70681', '28543', 2, 4, 'Samsul Bahri', '80330a922673edeef1f2886bbe2a1fab.jpg', 'PTPN-II-0090', 'PTPN-II-0090.png', 'Pemanen'),
(74, 2, '70681', '28543', 2, 4, 'Setiadi', '3cb9f0ef36ab5eedd93d42c314365b3a.jpg', 'PTPN-II-0091', 'PTPN-II-0091.png', 'Pemanen'),
(75, 2, '70681', '28543', 2, 4, 'Warisono', '322ecdfe0c51dc9f12c3f160600d3141.jpg', 'PTPN-II-0092', 'PTPN-II-0092.png', 'Pemanen'),
(76, 2, '70681', '28543', 2, 4, 'Budi waluyo', '32796f40ff6c33c530aaa7d6cfd323a4.jpg', 'PTPN-II-0093', 'PTPN-II-0093.png', 'Pemanen'),
(77, 2, '70681', '28543', 2, 4, 'Very Pradana', '1199954e64dfe13dd81aca7c1b5a75a8.jpg', 'PTPN-II-0094', 'PTPN-II-0094.png', 'Pemanen'),
(78, 2, '70681', '28543', 2, 4, 'Sugiat', 'bc139404af4c5ac4d7cf3ed917fb3a4e.jpg', 'PTPN-II-0095', 'PTPN-II-0095.png', 'Pemanen'),
(79, 2, '70681', '28543', 2, 4, 'Kamiso', 'e41e4fdda3960170cade87d4ee6a69da.jpg', 'PTPN-II-0096', 'PTPN-II-0096.png', 'Pemanen'),
(80, 2, '70681', '28543', 2, 4, 'Misnan', 'fe7f81621f5fa10e6097d80270b9b70c.jpg', 'PTPN-II-0097', 'PTPN-II-0097.png', 'Pemanen'),
(81, 2, '70154', '91623', 2, 5, 'SRI ADI', 'bcf13c7e30059edf632c7c39e8b72d47.jpg', 'PTPN-II-0098', 'PTPN-II-0098.png', 'PEMANEN'),
(82, 2, '70154', '91623', 2, 5, 'HERYANTO', 'b3dd824ad1d68ef6f15190ea40845046.jpg', 'PTPN-II-0099', 'PTPN-II-0099.png', 'PEMANEN'),
(83, 2, '70154', '91623', 2, 5, 'JUNIADI', 'b8ae1e800b58da3519972795c1b20403.jpg', 'PTPN-II-0100', 'PTPN-II-0100.png', 'PEMANEN'),
(84, 2, '70154', '91623', 2, 5, 'M.SOFYAN', 'b461bd93e823a54002c1546d78bd785e.jpg', 'PTPN-II-0101', 'PTPN-II-0101.png', 'PEMANEN'),
(85, 2, '70154', '91623', 2, 5, 'RAMIADI', '12ffd5fdb8de3c2efc6bce1c9033a91d.jpg', 'PTPN-II-0102', 'PTPN-II-0102.png', 'PEMANEN'),
(86, 2, '70154', '91623', 2, 5, 'YULIANDI', 'e8bb65af85b82586613a1fe084dca277.jpg', 'PTPN-II-0103', 'PTPN-II-0103.png', 'PEMANEN'),
(87, 2, '70154', '91623', 2, 5, 'PENDI APRIANTO', '1f427917705055e57be69a136701182a.jpg', 'PTPN-II-0104', 'PTPN-II-0104.png', 'PEMANEN'),
(88, 2, '70154', '91623', 2, 5, 'IRWAN', '3351a1c19a3652bfcb685db37a4c22d9.jpg', 'PTPN-II-0105', 'PTPN-II-0105.png', 'PEMANEN'),
(89, 2, '70154', '91623', 2, 5, 'TUMIN', '30fc0531c759dda64ee95381354dd212.jpg', 'PTPN-II-0106', 'PTPN-II-0106.png', 'PEMANEN'),
(90, 2, '70154', '91623', 2, 5, 'SUGENG', '98bd794c04a12ef77f47c5f4f0d0db9e.jpg', 'PTPN-II-0107', 'PTPN-II-0107.png', 'PEMANEN'),
(91, 2, '70154', '91623', 2, 5, 'EVENDI SIWANTO', '5319d33725d2a43053a5cf1aaf8b8020.jpg', 'PTPN-II-0108', 'PTPN-II-0108.png', 'PEMANEN'),
(92, 2, '70154', '91623', 2, 5, 'IRWANTO', '95b1465deb9d2c6ad9d76868212c3ae8.jpg', 'PTPN-II-0109', 'PTPN-II-0109.png', 'PEMANEN'),
(93, 2, '70154', '91623', 2, 5, 'SUPRIANTO SURBAKTI', '07535aabce5d319ac87002b402d99675.jpg', 'PTPN-II-0110', 'PTPN-II-0110.png', 'PEMANEN'),
(94, 2, '70154', '91623', 2, 5, 'ADI', '5dd673dcdd842ad02c4994e80b885d55.jpg', 'PTPN-II-0111', 'PTPN-II-0111.png', 'PEMANEN'),
(95, 2, '70154', '91623', 2, 5, 'TRI SANTOSO', '0cbb42ef0190d576f74c22e871e3bdf3.jpg', 'PTPN-II-0112', 'PTPN-II-0112.png', 'PEMANEN'),
(96, 2, '70154', '91623', 2, 5, 'SRI HARTONO', 'd5fec1c5fbdc921321418564bd165e23.jpg', 'PTPN-II-0113', 'PTPN-II-0113.png', 'PEMANEN'),
(97, 2, '70154', '91623', 2, 5, 'NASIB', '63ffe05b289cb5abc6c6fdcd7c7dd50a.jpg', 'PTPN-II-0114', 'PTPN-II-0114.png', 'PEMANEN'),
(99, 2, '89457', '30129', 2, 6, 'DEDI HARIADI', '1274dc5c3841349d729bd7f381adb993.jpg', 'PTPN-II-0115', 'PTPN-II-0115.png', 'PEMANEN'),
(100, 2, '89457', '30129', 2, 6, 'SUPRI', '3e1387369e5205c9179c009b8db03fa1.jpg', 'PTPN-II-0116', 'PTPN-II-0116.png', 'PEMANEN'),
(101, 2, '89457', '30129', 2, 6, 'TUKIJAN', 'f58669ef4305a64f071eef615658c169.jpg', 'PTPN-II-0117', 'PTPN-II-0117.png', 'PEMANEN'),
(102, 2, '89457', '30129', 2, 6, 'SUTRISNO', '9763700079a0ff1dd1e339de6bf9b03d.jpg', 'PTPN-II-0118', 'PTPN-II-0118.png', 'PEMANEN'),
(103, 2, '89457', '30129', 2, 6, 'WIDODO MULYONO', 'd7d7b155ca1f04ce74e5e9395871b040.jpg', 'PTPN-II-0119', 'PTPN-II-0119.png', 'PEMANEN'),
(104, 2, '89457', '30129', 2, 6, 'JOKO PRAYETNO', '12ac42eb9223f07790b5e7cdee013a71.jpg', 'PTPN-II-0120', 'PTPN-II-0120.png', 'PEMANEN'),
(105, 2, '89457', '30129', 2, 6, 'GIONO', 'd945b07372e977ccf204ec01d8cf6848.jpg', 'PTPN-II-0121', 'PTPN-II-0121.png', 'PEMANEN'),
(106, 2, '89457', '30129', 2, 6, 'SUPRAWITO', '9ba742f7ab182969564820e8ad9e492f.jpg', 'PTPN-II-0122', 'PTPN-II-0122.png', 'PEMANEN'),
(107, 2, '89457', '30129', 2, 6, 'SUPIYANTO', '8c0dffbd98e23096157d37f9365648ee.jpg', 'PTPN-II-0123', 'PTPN-II-0123.png', 'PEMANEN'),
(108, 2, '89457', '30129', 2, 6, 'TONI', 'e13cbefbc0984686bf30a366b6b5236c.jpg', 'PTPN-II-0124', 'PTPN-II-0124.png', 'PEMANEN'),
(109, 2, '89457', '30129', 2, 6, 'RUDI', '221bbe23454f11acc62563809db5cebd.jpg', 'PTPN-II-0125', 'PTPN-II-0125.png', 'PEMANEN'),
(110, 2, '89457', '30129', 2, 6, 'WAHYUDI', 'b9003040beee91aac3561e7a75bb47d6.jpg', 'PTPN-II-0126', 'PTPN-II-0126.png', 'PEMANEN'),
(111, 2, '89457', '30129', 2, 6, 'HUSNI ABADI SIREGAR', '717a9651acd3faf92db6309f8200f548.jpg', 'PTPN-II-0127', 'PTPN-II-0127.png', 'PEMANEN'),
(112, 2, '89457', '30129', 2, 6, 'SRIWITO', '9b8e2a7836bfcc789f40f3137ef0a305.jpg', 'PTPN-II-0128', 'PTPN-II-0128.png', 'PEMANEN'),
(113, 2, '89457', '30129', 2, 6, 'RIDHO GUNAWAN', '8bdd389e0e7dd506ade6fadfeddf244a.jpg', 'PTPN-II-0129', 'PTPN-II-0129.png', 'PEMANEN'),
(114, 2, '89457', '30129', 2, 6, 'NANANG', '39ed21593cbb7910ee29343692ac0a76.jpg', 'PTPN-II-0130', 'PTPN-II-0130.png', 'PEMANEN'),
(115, 2, '89457', '30129', 2, 6, 'HERMANTO', 'e0a2f0d5fb850619f1548922f70ce8c6.jpg', 'PTPN-II-0131', 'PTPN-II-0131.png', 'PEMANEN'),
(116, 2, '27896', '16785', 2, 7, 'SARMAN', 'dd61a92b8b5542dac9c708a5a9e43c3e.jpg', 'PTPN-II-0132', 'PTPN-II-0132.png', 'PEMANEN'),
(117, 2, '27896', '16785', 2, 7, 'MISWANTO', '7b2e299bb9cd22375543285cb6f88155.jpg', 'PTPN-II-0133', 'PTPN-II-0133.png', 'PEMANEN'),
(118, 2, '27896', '16785', 2, 7, 'SUPRIANTO', '6205e39fe545318f7dd6967371b247c7.jpg', 'PTPN-II-0134', 'PTPN-II-0134.png', 'PEMANEN'),
(119, 2, '27896', '16785', 2, 7, 'FITRIADI', '051457834e5464aaaa719f61c5af4c7a.jpg', 'PTPN-II-0135', 'PTPN-II-0135.png', 'PEMANEN'),
(120, 2, '27896', '16785', 2, 7, 'SUWIJAYA', 'ef10ec3a50861b7c3bb894be006598bb.jpg', 'PTPN-II-0136', 'PTPN-II-0136.png', 'PEMANEN'),
(121, 2, '27896', '16785', 2, 7, 'HARMANSYAH', '102b08bda2908bbc5b20a41c5b3b2708.jpg', 'PTPN-II-0137', 'PTPN-II-0137.png', 'PEMANEN'),
(122, 2, '27896', '16785', 2, 7, 'JAMESDEN GINTING ', '92877b3442921053ec5f6fa576c8a7ca.jpg', 'PTPN-II-0138', 'PTPN-II-0138.png', 'PEMANEN'),
(123, 2, '27896', '16785', 2, 7, 'RAMADANI II', '9d03760dc892c5d1a72c22a01b862317.jpg', 'PTPN-II-0139', 'PTPN-II-0139.png', 'PEMANEN'),
(124, 2, '27896', '16785', 2, 7, 'RAHMADANI I', '02802b008175daddd0074a707de8ab3c.jpg', 'PTPN-II-0140', 'PTPN-II-0140.png', 'PEMANEN'),
(125, 2, '27896', '16785', 2, 7, 'SUSESWO', '0ab3b2a40a6e0416d7caaa3fdc5a5e90.jpg', 'PTPN-II-0141', 'PTPN-II-0141.png', 'PEMANEN'),
(126, 2, '27896', '16785', 2, 7, 'SAMSUL FAUZI', '487e7ca8c9557b6aed8eb4f579a0044a.jpg', 'PTPN-II-0142', 'PTPN-II-0142.png', 'PEMANEN'),
(127, 2, '27896', '16785', 2, 7, 'SUHENDRA', '80a5112a5a824be0e72cd64aab8c4889.jpg', 'PTPN-II-0143', 'PTPN-II-0143.png', 'PEMANEN'),
(128, 2, '27896', '16785', 2, 7, 'DENI HERMAWAN', 'dab6ca58ab76c4dd9e2a095d1c9bf5f3.jpg', 'PTPN-II-0144', 'PTPN-II-0144.png', 'PEMANEN'),
(138, 5, '49685', '87305', 14, 13, 'Imam Wasmawi', '5a1d9c9c0c5e7fe479c7f7fda15b4fcd.png', 'PTPN-II-0145', 'PTPN-II-0145.png', 'Pemanen'),
(139, 5, '49685', '87305', 14, 13, 'Fitry Aisyah Ritonga', 'f19792e37d6df1a97c4ff4254495ee3f.png', 'PTPN-II-0146', 'PTPN-II-0146.png', 'Pemanen'),
(140, 5, '16547', '27604', 14, 14, 'Ranggal Satya Tarigan', '1c71ffb74eacd19d2657025764303458.png', 'PTPN-II-0147', 'PTPN-II-0147.png', 'Pemanen'),
(141, 5, '16547', '27604', 14, 14, 'Ruslan Abdul Ghani', '94155e93801bbb74134768bbf0017355.png', 'PTPN-II-0148', 'PTPN-II-0148.png', 'Pemanen');

-- --------------------------------------------------------

--
-- Struktur dari tabel `tbl_sptbs_setelah_slip_timbang`
--

CREATE TABLE `tbl_sptbs_setelah_slip_timbang` (
  `id` int(11) NOT NULL,
  `id_kerani_askep` int(11) NOT NULL,
  `id_kerani_kcs` varchar(222) NOT NULL,
  `id_kebun` int(11) NOT NULL,
  `id_afdeling` int(11) NOT NULL,
  `id_blok_no_1` int(11) NOT NULL,
  `id_blok_no_2` int(11) NOT NULL,
  `id_blok_no_3` int(11) NOT NULL,
  `jumlah_janjang_no_1` int(11) NOT NULL,
  `jumlah_janjang_no_2` int(11) NOT NULL,
  `jumlah_janjang_no_3` int(11) NOT NULL,
  `berat_no_1` varchar(222) NOT NULL,
  `berat_no_2` varchar(222) NOT NULL,
  `berat_no_3` varchar(222) NOT NULL,
  `berat_TBS` varchar(222) NOT NULL,
  `berat_brondolan` varchar(222) NOT NULL,
  `jumlah_taksir_brondolan_1` int(11) NOT NULL,
  `jumlah_taksir_brondolan_2` int(11) NOT NULL,
  `jumlah_taksir_brondolan_3` int(11) NOT NULL,
  `berondolan_timbang_1` varchar(11) NOT NULL,
  `berondolan_timbang_2` varchar(11) NOT NULL,
  `berondolan_timbang_3` varchar(11) NOT NULL,
  `berat_total` varchar(222) NOT NULL,
  `brt_prediksi_no_1` varchar(11) NOT NULL,
  `brt_prediksi_no_2` varchar(11) NOT NULL,
  `brt_prediksi_no_3` varchar(11) NOT NULL,
  `total_prediksi` varchar(11) NOT NULL,
  `sptbs` varchar(222) NOT NULL,
  `nomor_polisi_trek` varchar(222) NOT NULL,
  `tanggal` date NOT NULL,
  `creat_att` timestamp NOT NULL DEFAULT current_timestamp() ON UPDATE current_timestamp()
) ENGINE=InnoDB DEFAULT CHARSET=latin1;

--
-- Dumping data untuk tabel `tbl_sptbs_setelah_slip_timbang`
--

INSERT INTO `tbl_sptbs_setelah_slip_timbang` (`id`, `id_kerani_askep`, `id_kerani_kcs`, `id_kebun`, `id_afdeling`, `id_blok_no_1`, `id_blok_no_2`, `id_blok_no_3`, `jumlah_janjang_no_1`, `jumlah_janjang_no_2`, `jumlah_janjang_no_3`, `berat_no_1`, `berat_no_2`, `berat_no_3`, `berat_TBS`, `berat_brondolan`, `jumlah_taksir_brondolan_1`, `jumlah_taksir_brondolan_2`, `jumlah_taksir_brondolan_3`, `berondolan_timbang_1`, `berondolan_timbang_2`, `berondolan_timbang_3`, `berat_total`, `brt_prediksi_no_1`, `brt_prediksi_no_2`, `brt_prediksi_no_3`, `total_prediksi`, `sptbs`, `nomor_polisi_trek`, `tanggal`, `creat_att`) VALUES
(7, 2, '89326', 2, 1, 21, 0, 0, 530, 0, 0, '4730', '0', '0', '4730', '1400', 0, 0, 0, '', '', '0', '6130', '0', '0', '0', '0', 'PTPN-II-2-1-0009', 'bk9453', '2019-09-04', '2019-09-04 03:56:16'),
(8, 2, '89326', 2, 1, 4, 0, 0, 570, 0, 0, '6250', '0', '0', '6250', '0', 0, 0, 0, '', '', '0', '6250', '0', '0', '0', '0', 'PTPN-II-2-1-0011', 'BM9453BL', '2019-09-05', '2019-09-15 03:09:50'),
(9, 2, '89326', 2, 1, 7, 8, 0, 550, 200, 0, '3776.6666666667', '1373.3333333333', '0', '5150', '500', 0, 0, 0, '', '', '0', '5650', '0', '0', '0', '0', 'PTPN-II-2-1-0012', 'Bk111bl', '2019-09-05', '2019-09-15 03:15:39'),
(10, 2, '89326', 2, 1, 4, 5, 8, 120, 95, 181, '2099.0221561135', '1362.2227639932', '2268.7550798933', '5730', '530', 0, 0, 0, '', '', '0', '6260', '1930.8', '1253.05', '2086.93', '5270.78', 'PTPN-II-2-1-0010', 'BK9478DC', '2019-09-05', '2019-09-15 03:16:39'),
(11, 2, '89326', 2, 1, 6, 12, 0, 290, 400, 0, '3003.5165328006', '3746.4834671994', '0', '6750', '0', 0, 0, 0, '', '', '0', '6750', '3274.1', '4084', '0', '7358.1', 'PTPN-II-2-1-0013', 'BK9453BL', '2019-09-06', '2019-09-15 03:26:05'),
(12, 2, '89326', 2, 1, 6, 13, 0, 370, 290, 0, '3747.3002348111', '2632.6997651889', '0', '6380', '0', 0, 0, 0, '', '', '0', '6380', '4177.3', '2934.8', '0', '7112.1', 'PTPN-II-2-1-0014', 'BK9453BL II', '2019-09-06', '2019-09-15 03:28:18'),
(13, 2, '89326', 2, 1, 6, 13, 0, 370, 290, 0, '3747.3002348111', '2632.6997651889', '0', '6380', '0', 0, 0, 0, '', '', '0', '6380', '4177.3', '2934.8', '0', '7112.1', 'PTPN-II-2-1-0014', 'BK9453BL II', '2019-09-06', '2019-09-15 03:30:34'),
(14, 2, '89326', 2, 1, 7, 12, 13, 177, 370, 300, '1657.1546635183', '3464.1086186541', '2808.7367178276', '7930', '0', 0, 0, 0, '', '', '0', '7930', '0', '0', '0', '0', 'PTPN-II-2-1-0015', 'BK8328EG', '2019-09-06', '2019-09-15 03:34:35'),
(15, 2, '89326', 2, 1, 2, 4, 8, 82, 130, 51, '1945.7065090598', '2602.6285092153', '731.66498172486', '5280', '800', 0, 0, 0, '', '', '0', '6080', '1563.74', '2091.7', '588.03', '4243.47', 'PTPN-II-2-1-0016', 'BK9453BL III', '2019-09-06', '2019-09-15 03:35:55'),
(16, 2, '89326', 2, 1, 15, 16, 15, 200, 350, 150, '1828.5714285714', '3200', '1371.4285714286', '6400', '0', 0, 0, 0, '', '', '0', '6400', '0', '0', '0', '0', 'PTPN-II-2-1-0017', 'BK9453BL', '2019-09-07', '2019-09-15 03:39:09'),
(17, 2, '89326', 2, 1, 15, 18, 18, 250, 300, 150, '2317.8571428571', '2781.4285714286', '1390.7142857143', '6490', '0', 0, 0, 0, '', '', '0', '6490', '0', '0', '0', '0', 'PTPN-II-2-1-0018', 'BK9453BL2', '2019-09-07', '2019-09-15 03:41:35'),
(20, 2, '89326', 2, 1, 1, 2, 3, 122, 79, 98, '1215.9197324415', '787.35785953177', '976.72240802676', '2980', '100', 31, 32, 33, '32.29166666', '33.33333333', '34.375', '3080', '0', '0', '0', '0', 'PTPN-II-2-1-0051', 'BK123AA', '2019-09-19', '2019-09-19 15:21:02'),
(21, 2, '89326', 2, 1, 4, 5, 6, 92, 87, 119, '1118.973177684', '867.4408156482', '1015.5860066678', '3002', '80', 30, 30, 30, '26.66666666', '26.66666666', '26.66666666', '3082', '1480.28', '1147.53', '1343.51', '3971.32', 'PTPN-II-2-1-0052', 'BK123BB', '2019-09-19', '2019-09-19 15:21:56'),
(22, 2, '89326', 2, 1, 1, 2, 3, 212, 189, 198, '2020.9015025042', '1801.652754591', '1887.4457429048', '5710', '100', 30, 30, 30, '33.33333333', '33.33333333', '33.33333333', '5810', '0', '0', '0', '0', 'PTPN-II-2-1-0053', 'BK123CC', '2019-09-19', '2019-09-19 15:22:26'),
(23, 2, '89326', 2, 1, 4, 5, 6, 99, 111, 87, '1114.0664804926', '1023.9709672388', '686.96255226863', '2825', '100', 30, 30, 30, '33.33333333', '33.33333333', '33.33333333', '2925', '1592.91', '1464.09', '982.23', '4039.23', 'PTPN-II-2-1-0054', 'BK123DD', '2019-09-19', '2019-09-19 15:22:53');

-- --------------------------------------------------------

--
-- Struktur dari tabel `tbl_trip`
--

CREATE TABLE `tbl_trip` (
  `id` int(11) NOT NULL,
  `sptbs` varchar(222) NOT NULL,
  `id_kerani_askep` varchar(222) NOT NULL,
  `id_kerani_kcs` varchar(222) NOT NULL,
  `id_kebun` int(11) NOT NULL,
  `id_afdeling` int(11) NOT NULL,
  `id_blok_1` varchar(11) NOT NULL,
  `id_blok_2` varchar(11) NOT NULL,
  `id_blok_3` varchar(11) NOT NULL,
  `jumlah_janjang_1` varchar(11) NOT NULL,
  `jumlah_janjang_2` varchar(11) NOT NULL,
  `jumlah_janjang_3` varchar(11) NOT NULL,
  `jumlah_brondolan` varchar(11) NOT NULL,
  `jumlah_taksir_brondolan_1` int(11) NOT NULL,
  `jumlah_taksir_brondolan_2` int(11) NOT NULL,
  `jumlah_taksir_brondolan_3` int(11) NOT NULL,
  `nomor_polisi_trek` varchar(222) NOT NULL,
  `tanggal` date NOT NULL,
  `status` enum('N','Y') NOT NULL,
  `creat_att` timestamp NOT NULL DEFAULT current_timestamp() ON UPDATE current_timestamp()
) ENGINE=InnoDB DEFAULT CHARSET=latin1;
-- Kesalahan membaca data untuk tabel asikinon_ptpn2.tbl_trip: #1064 - You have an error in your SQL syntax; check the manual that corresponds to your MariaDB server version for the right syntax to use near 'FROM `asikinon_ptpn2`.`tbl_trip`' at line 1

--
-- Indexes for dumped tables
--

--
-- Indeks untuk tabel `mirrormx_customer_chat_message`
--
ALTER TABLE `mirrormx_customer_chat_message`
  ADD PRIMARY KEY (`id`);

--
-- Indeks untuk tabel `mirrormx_customer_chat_user`
--
ALTER TABLE `mirrormx_customer_chat_user`
  ADD PRIMARY KEY (`id`);

--
-- Indeks untuk tabel `tbl_absen`
--
ALTER TABLE `tbl_absen`
  ADD PRIMARY KEY (`id`);

--
-- Indeks untuk tabel `tbl_admin`
--
ALTER TABLE `tbl_admin`
  ADD PRIMARY KEY (`id`);

--
-- Indeks untuk tabel `tbl_afdeling`
--
ALTER TABLE `tbl_afdeling`
  ADD PRIMARY KEY (`id`);

--
-- Indeks untuk tabel `tbl_alat`
--
ALTER TABLE `tbl_alat`
  ADD PRIMARY KEY (`id`);

--
-- Indeks untuk tabel `tbl_blok`
--
ALTER TABLE `tbl_blok`
  ADD PRIMARY KEY (`id`);

--
-- Indeks untuk tabel `tbl_distrik`
--
ALTER TABLE `tbl_distrik`
  ADD PRIMARY KEY (`id`);

--
-- Indeks untuk tabel `tbl_history_panen`
--
ALTER TABLE `tbl_history_panen`
  ADD PRIMARY KEY (`id`);

--
-- Indeks untuk tabel `tbl_izin`
--
ALTER TABLE `tbl_izin`
  ADD PRIMARY KEY (`id`);

--
-- Indeks untuk tabel `tbl_jabatan`
--
ALTER TABLE `tbl_jabatan`
  ADD PRIMARY KEY (`id`);

--
-- Indeks untuk tabel `tbl_kebun`
--
ALTER TABLE `tbl_kebun`
  ADD PRIMARY KEY (`id`);

--
-- Indeks untuk tabel `tbl_kerani_askep`
--
ALTER TABLE `tbl_kerani_askep`
  ADD PRIMARY KEY (`id`);

--
-- Indeks untuk tabel `tbl_kerani_kcs`
--
ALTER TABLE `tbl_kerani_kcs`
  ADD PRIMARY KEY (`id`);

--
-- Indeks untuk tabel `tbl_komidel`
--
ALTER TABLE `tbl_komidel`
  ADD PRIMARY KEY (`id`);

--
-- Indeks untuk tabel `tbl_komidel_new`
--
ALTER TABLE `tbl_komidel_new`
  ADD PRIMARY KEY (`id`);

--
-- Indeks untuk tabel `tbl_libur`
--
ALTER TABLE `tbl_libur`
  ADD PRIMARY KEY (`id`);

--
-- Indeks untuk tabel `tbl_mandor`
--
ALTER TABLE `tbl_mandor`
  ADD PRIMARY KEY (`id`);

--
-- Indeks untuk tabel `tbl_panen`
--
ALTER TABLE `tbl_panen`
  ADD PRIMARY KEY (`id`);

--
-- Indeks untuk tabel `tbl_pemanen`
--
ALTER TABLE `tbl_pemanen`
  ADD PRIMARY KEY (`id`);

--
-- Indeks untuk tabel `tbl_sptbs_setelah_slip_timbang`
--
ALTER TABLE `tbl_sptbs_setelah_slip_timbang`
  ADD PRIMARY KEY (`id`);

--
-- Indeks untuk tabel `tbl_trip`
--
ALTER TABLE `tbl_trip`
  ADD PRIMARY KEY (`id`);

--
-- AUTO_INCREMENT untuk tabel yang dibuang
--

--
-- AUTO_INCREMENT untuk tabel `mirrormx_customer_chat_message`
--
ALTER TABLE `mirrormx_customer_chat_message`
  MODIFY `id` bigint(20) NOT NULL AUTO_INCREMENT, AUTO_INCREMENT=104;

--
-- AUTO_INCREMENT untuk tabel `mirrormx_customer_chat_user`
--
ALTER TABLE `mirrormx_customer_chat_user`
  MODIFY `id` bigint(20) NOT NULL AUTO_INCREMENT, AUTO_INCREMENT=26;

--
-- AUTO_INCREMENT untuk tabel `tbl_absen`
--
ALTER TABLE `tbl_absen`
  MODIFY `id` int(11) NOT NULL AUTO_INCREMENT, AUTO_INCREMENT=789;

--
-- AUTO_INCREMENT untuk tabel `tbl_admin`
--
ALTER TABLE `tbl_admin`
  MODIFY `id` int(11) NOT NULL AUTO_INCREMENT, AUTO_INCREMENT=78;

--
-- AUTO_INCREMENT untuk tabel `tbl_afdeling`
--
ALTER TABLE `tbl_afdeling`
  MODIFY `id` int(11) NOT NULL AUTO_INCREMENT, AUTO_INCREMENT=15;

--
-- AUTO_INCREMENT untuk tabel `tbl_alat`
--
ALTER TABLE `tbl_alat`
  MODIFY `id` int(11) NOT NULL AUTO_INCREMENT, AUTO_INCREMENT=5;

--
-- AUTO_INCREMENT untuk tabel `tbl_blok`
--
ALTER TABLE `tbl_blok`
  MODIFY `id` int(11) NOT NULL AUTO_INCREMENT, AUTO_INCREMENT=172;

--
-- AUTO_INCREMENT untuk tabel `tbl_distrik`
--
ALTER TABLE `tbl_distrik`
  MODIFY `id` int(11) NOT NULL AUTO_INCREMENT, AUTO_INCREMENT=3;

--
-- AUTO_INCREMENT untuk tabel `tbl_history_panen`
--
ALTER TABLE `tbl_history_panen`
  MODIFY `id` int(11) NOT NULL AUTO_INCREMENT;

--
-- AUTO_INCREMENT untuk tabel `tbl_izin`
--
ALTER TABLE `tbl_izin`
  MODIFY `id` int(11) NOT NULL AUTO_INCREMENT, AUTO_INCREMENT=2;

--
-- AUTO_INCREMENT untuk tabel `tbl_jabatan`
--
ALTER TABLE `tbl_jabatan`
  MODIFY `id` int(11) NOT NULL AUTO_INCREMENT, AUTO_INCREMENT=6;

--
-- AUTO_INCREMENT untuk tabel `tbl_kebun`
--
ALTER TABLE `tbl_kebun`
  MODIFY `id` int(11) NOT NULL AUTO_INCREMENT, AUTO_INCREMENT=15;

--
-- AUTO_INCREMENT untuk tabel `tbl_kerani_askep`
--
ALTER TABLE `tbl_kerani_askep`
  MODIFY `id` int(11) NOT NULL AUTO_INCREMENT, AUTO_INCREMENT=6;

--
-- AUTO_INCREMENT untuk tabel `tbl_kerani_kcs`
--
ALTER TABLE `tbl_kerani_kcs`
  MODIFY `id` int(11) NOT NULL AUTO_INCREMENT, AUTO_INCREMENT=14;

--
-- AUTO_INCREMENT untuk tabel `tbl_komidel`
--
ALTER TABLE `tbl_komidel`
  MODIFY `id` int(11) NOT NULL AUTO_INCREMENT;

--
-- AUTO_INCREMENT untuk tabel `tbl_komidel_new`
--
ALTER TABLE `tbl_komidel_new`
  MODIFY `id` int(11) NOT NULL AUTO_INCREMENT, AUTO_INCREMENT=21;

--
-- AUTO_INCREMENT untuk tabel `tbl_libur`
--
ALTER TABLE `tbl_libur`
  MODIFY `id` int(11) NOT NULL AUTO_INCREMENT;

--
-- AUTO_INCREMENT untuk tabel `tbl_mandor`
--
ALTER TABLE `tbl_mandor`
  MODIFY `id` int(11) NOT NULL AUTO_INCREMENT, AUTO_INCREMENT=14;

--
-- AUTO_INCREMENT untuk tabel `tbl_panen`
--
ALTER TABLE `tbl_panen`
  MODIFY `id` int(11) NOT NULL AUTO_INCREMENT, AUTO_INCREMENT=266;

--
-- AUTO_INCREMENT untuk tabel `tbl_pemanen`
--
ALTER TABLE `tbl_pemanen`
  MODIFY `id` int(11) NOT NULL AUTO_INCREMENT, AUTO_INCREMENT=142;

--
-- AUTO_INCREMENT untuk tabel `tbl_sptbs_setelah_slip_timbang`
--
ALTER TABLE `tbl_sptbs_setelah_slip_timbang`
  MODIFY `id` int(11) NOT NULL AUTO_INCREMENT, AUTO_INCREMENT=24;

--
-- AUTO_INCREMENT untuk tabel `tbl_trip`
--
ALTER TABLE `tbl_trip`
  MODIFY `id` int(11) NOT NULL AUTO_INCREMENT, AUTO_INCREMENT=61;
COMMIT;

/*!40101 SET CHARACTER_SET_CLIENT=@OLD_CHARACTER_SET_CLIENT */;
/*!40101 SET CHARACTER_SET_RESULTS=@OLD_CHARACTER_SET_RESULTS */;
/*!40101 SET COLLATION_CONNECTION=@OLD_COLLATION_CONNECTION */;
